Player,Nation,Pos,Age,MP,Starts,Min,90s,Gls,Ast,G+A,G-PK,PK,PKatt,CrdY,CrdR,xG,npxG,xAG,npxG+xAG,PrgC,PrgP,PrgR,Gls,Ast,G+A,G-PK,G+A-PK,xG,xAG,xG+xAG,npxG,npxG+xAG,Matches,club
Ederson,br BRA,GK,28,35,35,"3,150",35.0,0,1,1,0,0,0,3,0,0.0,0.0,0.2,0.2,0,0,0,0.00,0.03,0.03,0.00,0.03,0.00,0.01,0.01,0.00,0.01,Matches,Manchester City
Rodri,es ESP,MF,26,36,34,"2,911",32.3,2,6,8,2,0,0,5,0,4.6,4.6,4.1,8.7,76,260,37,0.06,0.19,0.25,0.06,0.25,0.14,0.13,0.27,0.14,0.27,Matches,Manchester City
Erling Haaland,no NOR,FW,22,35,33,"2,769",30.8,36,8,44,29,7,7,5,0,28.4,23.1,5.3,28.4,35,58,151,1.17,0.26,1.43,0.94,1.20,0.92,0.17,1.10,0.75,0.92,Matches,Manchester City
Kevin De Bruyne,be BEL,MF,31,32,28,"2,417",26.9,7,16,23,7,0,0,1,0,5.6,5.6,13.7,19.3,100,246,245,0.26,0.60,0.86,0.26,0.86,0.21,0.51,0.72,0.21,0.72,Matches,Manchester City
İlkay Gündoğan,de GER,MF,31,31,27,"2,353",26.1,8,4,12,8,0,1,0,0,7.5,6.7,3.3,10.0,53,170,124,0.31,0.15,0.46,0.31,0.46,0.29,0.13,0.41,0.26,0.38,Matches,Manchester City
Manuel Akanji,ch SUI,DF,27,29,24,"2,287",25.4,0,1,1,0,0,0,2,0,1.3,1.3,0.4,1.7,24,116,17,0.00,0.04,0.04,0.00,0.04,0.05,0.02,0.07,0.05,0.07,Matches,Manchester City
Bernardo Silva,pt POR,"MF,FW",27,34,24,"2,205",24.5,4,5,9,4,0,0,5,0,2.2,2.2,3.3,5.4,90,130,188,0.16,0.20,0.37,0.16,0.37,0.09,0.13,0.22,0.09,0.22,Matches,Manchester City
Jack Grealish,eng ENG,FW,26,28,23,"2,055",22.8,5,7,12,5,0,0,4,0,4.6,4.6,7.0,11.7,143,100,310,0.22,0.31,0.53,0.22,0.53,0.20,0.31,0.51,0.20,0.51,Matches,Manchester City
Rúben Dias,pt POR,DF,25,26,22,"1,998",22.2,0,0,0,0,0,0,3,0,1.3,1.3,0.6,1.9,14,98,2,0.00,0.00,0.00,0.00,0.00,0.06,0.03,0.09,0.06,0.09,Matches,Manchester City
Kyle Walker,eng ENG,DF,32,27,22,"1,958",21.8,0,0,0,0,0,0,3,0,0.4,0.4,0.2,0.7,50,162,75,0.00,0.00,0.00,0.00,0.00,0.02,0.01,0.03,0.02,0.03,Matches,Manchester City
Riyad Mahrez,dz ALG,"FW,MF",31,30,22,"1,920",21.3,5,10,15,4,1,1,2,0,5.5,4.7,7.0,11.8,78,76,242,0.23,0.47,0.70,0.19,0.66,0.26,0.33,0.59,0.22,0.55,Matches,Manchester City
Nathan Aké,nl NED,DF,27,26,22,"1,873",20.8,1,0,1,1,0,0,2,0,1.6,1.6,0.7,2.3,25,140,30,0.05,0.00,0.05,0.05,0.05,0.07,0.04,0.11,0.07,0.11,Matches,Manchester City
Phil Foden,eng ENG,FW,22,32,22,"1,842",20.5,11,6,17,11,0,0,1,0,5.9,5.9,4.7,10.6,68,88,275,0.54,0.29,0.83,0.54,0.83,0.29,0.23,0.52,0.29,0.52,Matches,Manchester City
John Stones,eng ENG,"DF,MF",28,23,21,"1,846",20.5,2,2,4,2,0,0,2,0,1.0,1.0,1.4,2.4,28,101,34,0.10,0.10,0.20,0.10,0.20,0.05,0.07,0.12,0.05,0.12,Matches,Manchester City
João Cancelo,pt POR,DF,28,17,16,"1,274",14.2,2,1,3,2,0,0,3,1,0.8,0.8,0.9,1.7,72,106,125,0.14,0.07,0.21,0.14,0.21,0.06,0.06,0.12,0.06,0.12,Matches,Manchester City
Julián Álvarez,ar ARG,"FW,MF",22,31,13,"1,465",16.3,9,0,9,8,1,1,0,0,7.0,6.2,1.8,8.0,38,37,99,0.55,0.00,0.55,0.49,0.49,0.43,0.11,0.54,0.38,0.49,Matches,Manchester City
Aymeric Laporte,es ESP,DF,28,12,11,993,11.0,0,0,0,0,0,0,0,0,0.5,0.5,0.2,0.7,30,85,11,0.00,0.00,0.00,0.00,0.00,0.04,0.02,0.06,0.04,0.06,Matches,Manchester City
Rico Lewis,eng ENG,"DF,MF",17,14,10,903,10.0,0,0,0,0,0,0,1,0,0.2,0.2,1.5,1.7,22,48,26,0.00,0.00,0.00,0.00,0.00,0.02,0.15,0.17,0.02,0.17,Matches,Manchester City
Stefan Ortega,de GER,GK,29,3,3,270,3.0,0,0,0,0,0,0,0,0,0.0,0.0,0.0,0.0,0,0,0,0.00,0.00,0.00,0.00,0.00,0.00,0.00,0.00,0.00,0.00,Matches,Manchester City
Cole Palmer,eng ENG,"MF,FW",20,14,2,370,4.1,0,1,1,0,0,0,1,0,1.2,1.2,0.6,1.8,29,13,40,0.00,0.24,0.24,0.00,0.24,0.30,0.14,0.44,0.30,0.44,Matches,Manchester City
Aaron Ramsdale,eng ENG,GK,24,38,38,"3,420",38.0,0,0,0,0,0,0,1,0,0.0,0.0,0.0,0.0,0,8,0,0.00,0.00,0.00,0.00,0.00,0.00,0.00,0.00,0.00,0.00,Matches,Arsenal
Gabriel Dos Santos,br BRA,DF,24,38,38,"3,409",37.9,3,0,3,3,0,0,5,0,5.1,5.1,0.3,5.3,18,153,16,0.08,0.00,0.08,0.08,0.08,0.13,0.01,0.14,0.13,0.14,Matches,Arsenal
Bukayo Saka,eng ENG,FW,20,38,37,"3,181",35.3,14,11,25,12,2,3,6,0,11.2,9.1,8.5,17.6,179,109,520,0.40,0.31,0.71,0.34,0.65,0.32,0.24,0.56,0.26,0.50,Matches,Arsenal
Martin Ødegaard,no NOR,MF,23,37,37,"3,127",34.7,15,7,22,15,0,0,4,0,10.0,10.0,8.1,18.1,83,266,193,0.43,0.20,0.63,0.43,0.63,0.29,0.23,0.52,0.29,0.52,Matches,Arsenal
Ben White,eng ENG,DF,24,38,36,"3,055",33.9,2,5,7,2,0,0,5,0,1.3,1.3,3.2,4.5,64,249,124,0.06,0.15,0.21,0.06,0.21,0.04,0.09,0.13,0.04,0.13,Matches,Arsenal
Granit Xhaka,ch SUI,MF,29,37,36,"2,993",33.3,7,7,14,7,0,0,4,0,4.7,4.7,5.2,9.9,42,196,175,0.21,0.21,0.42,0.21,0.42,0.14,0.16,0.30,0.14,0.30,Matches,Arsenal
Gabriel Martinelli,br BRA,FW,21,36,34,"2,789",31.0,15,5,20,15,0,0,3,0,9.3,9.3,9.1,18.4,124,94,350,0.48,0.16,0.65,0.48,0.65,0.30,0.29,0.59,0.30,0.59,Matches,Arsenal
Thomas Partey,gh GHA,MF,29,33,28,"2,483",27.6,3,0,3,3,0,0,5,0,2.2,2.2,1.5,3.8,34,231,35,0.11,0.00,0.11,0.11,0.11,0.08,0.06,0.14,0.08,0.14,Matches,Arsenal
William Saliba,fr FRA,DF,21,27,27,"2,415",26.8,2,1,3,2,0,0,4,0,0.9,0.9,1.2,2.1,13,99,2,0.07,0.04,0.11,0.07,0.11,0.03,0.04,0.08,0.03,0.08,Matches,Arsenal
Oleksandr Zinchenko,ua UKR,DF,25,27,26,"2,118",23.5,1,2,3,1,0,0,3,0,1.4,1.4,1.4,2.8,67,227,68,0.04,0.08,0.13,0.04,0.13,0.06,0.06,0.12,0.06,0.12,Matches,Arsenal
Gabriel Jesus,br BRA,FW,25,26,24,"2,064",22.9,11,6,17,10,1,1,6,0,14.0,13.2,3.9,17.1,44,64,194,0.48,0.26,0.74,0.44,0.70,0.61,0.17,0.78,0.58,0.75,Matches,Arsenal
Leandro Trossard,be BEL,FW,27,20,10,931,10.3,1,10,11,1,0,0,0,0,1.8,1.8,4.7,6.6,36,57,102,0.10,0.97,1.06,0.10,1.06,0.18,0.46,0.64,0.18,0.64,Matches,Arsenal
Eddie Nketiah,eng ENG,FW,23,30,9,"1,089",12.1,4,1,5,4,0,0,3,0,8.2,8.2,1.3,9.5,32,15,82,0.33,0.08,0.41,0.33,0.41,0.68,0.11,0.78,0.68,0.78,Matches,Arsenal
Jorginho,it ITA,MF,30,14,9,855,9.5,0,1,1,0,0,0,0,0,0.2,0.2,0.2,0.4,15,99,8,0.00,0.11,0.11,0.00,0.11,0.02,0.02,0.04,0.02,0.04,Matches,Arsenal
Kieran Tierney,sct SCO,DF,25,27,6,795,8.8,0,1,1,0,0,0,0,0,0.3,0.3,0.3,0.7,25,36,31,0.00,0.11,0.11,0.00,0.11,0.04,0.04,0.08,0.04,0.08,Matches,Arsenal
Takehiro Tomiyasu,jp JPN,DF,23,21,6,663,7.4,0,1,1,0,0,0,2,0,0.2,0.2,0.6,0.8,14,51,28,0.00,0.14,0.14,0.00,0.14,0.03,0.08,0.11,0.03,0.11,Matches,Arsenal
Rob Holding,eng ENG,DF,26,14,6,566,6.3,1,0,1,1,0,0,0,0,0.3,0.3,0.0,0.3,3,24,2,0.16,0.00,0.16,0.16,0.16,0.05,0.00,0.05,0.05,0.05,Matches,Arsenal
Jakub Kiwior,pl POL,DF,22,7,5,427,4.7,1,0,1,1,0,0,0,0,0.1,0.1,0.0,0.1,0,6,6,0.21,0.00,0.21,0.21,0.21,0.02,0.01,0.03,0.02,0.03,Matches,Arsenal
Fabio Vieira,pt POR,"MF,FW",22,22,3,514,5.7,1,2,3,1,0,0,0,0,0.8,0.8,2.5,3.3,8,35,40,0.18,0.35,0.53,0.18,0.53,0.15,0.44,0.58,0.15,0.58,Matches,Arsenal
Albert Sambi Lokonga,be BEL,MF,22,6,2,198,2.2,0,0,0,0,0,0,0,0,0.0,0.0,0.0,0.0,0,12,2,0.00,0.00,0.00,0.00,0.00,0.00,0.01,0.01,0.00,0.01,Matches,Arsenal
David de Gea,es ESP,GK,31,38,38,"3,420",38.0,0,0,0,0,0,0,0,0,0.0,0.0,0.1,0.1,0,0,0,0.00,0.00,0.00,0.00,0.00,0.00,0.00,0.00,0.00,0.00,Matches,Manchester United
Bruno Fernandes,pt POR,"MF,FW",27,37,37,"3,316",36.8,8,8,16,6,2,2,6,0,9.3,7.7,16.7,24.4,89,263,231,0.22,0.22,0.43,0.16,0.38,0.25,0.45,0.71,0.21,0.66,Matches,Manchester United
Marcus Rashford,eng ENG,FW,24,35,32,"2,879",32.0,17,5,22,17,0,0,2,0,15.4,15.4,3.4,18.8,85,88,245,0.53,0.16,0.69,0.53,0.69,0.48,0.11,0.59,0.48,0.59,Matches,Manchester United
Luke Shaw,eng ENG,DF,27,31,30,"2,552",28.4,1,2,3,1,0,0,8,0,1.1,1.1,3.6,4.7,53,140,76,0.04,0.07,0.11,0.04,0.11,0.04,0.13,0.16,0.04,0.16,Matches,Manchester United
Christian Eriksen,dk DEN,MF,30,28,25,"2,048",22.8,1,8,9,1,0,0,3,0,5.0,5.0,4.2,9.2,23,164,66,0.04,0.35,0.40,0.04,0.40,0.22,0.19,0.40,0.22,0.40,Matches,Manchester United
Diogo Dalot,pt POR,DF,23,26,24,"2,154",23.9,1,2,3,1,0,0,6,0,2.5,2.5,1.9,4.4,46,92,85,0.04,0.08,0.13,0.04,0.13,0.10,0.08,0.18,0.10,0.18,Matches,Manchester United
Casemiro,br BRA,MF,30,28,24,"2,124",23.6,4,3,7,4,0,0,7,2,3.4,3.4,3.1,6.5,14,152,34,0.17,0.13,0.30,0.17,0.30,0.14,0.13,0.28,0.14,0.28,Matches,Manchester United
Lisandro Martínez,ar ARG,DF,24,27,24,"2,114",23.5,1,0,1,1,0,0,6,0,0.5,0.5,0.3,0.8,12,83,2,0.04,0.00,0.04,0.04,0.04,0.02,0.01,0.03,0.02,0.03,Matches,Manchester United
Antony,br BRA,FW,22,25,23,"1,802",20.0,4,2,6,4,0,0,5,0,6.6,6.6,2.9,9.4,95,74,168,0.20,0.10,0.30,0.20,0.30,0.33,0.14,0.47,0.33,0.47,Matches,Manchester United
Raphaël Varane,fr FRA,DF,29,24,22,"1,911",21.2,0,0,0,0,0,0,1,0,0.7,0.7,0.2,0.9,17,63,4,0.00,0.00,0.00,0.00,0.00,0.03,0.01,0.04,0.03,0.04,Matches,Manchester United
Jadon Sancho,eng ENG,"FW,MF",22,26,21,"1,686",18.7,6,3,9,6,0,0,0,0,4.2,4.2,5.0,9.2,88,76,173,0.32,0.16,0.48,0.32,0.48,0.22,0.27,0.49,0.22,0.49,Matches,Manchester United
Aaron Wan-Bissaka,eng ENG,DF,24,19,16,"1,435",15.9,0,0,0,0,0,0,2,0,1.2,1.2,1.0,2.2,41,55,64,0.00,0.00,0.00,0.00,0.00,0.07,0.06,0.14,0.07,0.14,Matches,Manchester United
Tyrell Malacia,nl NED,DF,22,22,14,"1,396",15.5,0,0,0,0,0,0,6,0,0.2,0.2,0.7,0.9,19,44,33,0.00,0.00,0.00,0.00,0.00,0.02,0.04,0.06,0.02,0.06,Matches,Manchester United
Victor Lindelöf,se SWE,DF,28,20,14,"1,365",15.2,0,0,0,0,0,0,1,0,0.3,0.3,0.1,0.4,3,36,1,0.00,0.00,0.00,0.00,0.00,0.02,0.01,0.03,0.02,0.03,Matches,Manchester United
Fred,br BRA,MF,29,35,12,"1,249",13.9,2,2,4,2,0,0,6,0,2.0,2.0,2.9,4.9,10,76,50,0.14,0.14,0.29,0.14,0.29,0.14,0.21,0.35,0.14,0.35,Matches,Manchester United
Anthony Martial,fr FRA,FW,26,21,11,978,10.9,6,2,8,5,1,1,0,0,6.2,5.5,1.4,6.9,18,35,87,0.55,0.18,0.74,0.46,0.64,0.58,0.13,0.70,0.50,0.63,Matches,Manchester United
Scott McTominay,sct SCO,MF,25,24,10,"1,160",12.9,1,0,1,1,0,0,8,0,1.9,1.9,0.6,2.5,20,33,19,0.08,0.00,0.08,0.08,0.08,0.15,0.04,0.19,0.15,0.19,Matches,Manchester United
Wout Weghorst,nl NED,"FW,MF",29,17,10,797,8.9,0,1,1,0,0,0,1,0,2.0,2.0,1.2,3.2,3,17,41,0.00,0.11,0.11,0.00,0.11,0.23,0.13,0.36,0.23,0.36,Matches,Manchester United
Harry Maguire,eng ENG,DF,29,16,8,767,8.5,0,0,0,0,0,0,4,0,0.3,0.3,0.0,0.4,8,26,4,0.00,0.00,0.00,0.00,0.00,0.04,0.00,0.04,0.04,0.04,Matches,Manchester United
Marcel Sabitzer,at AUT,MF,28,11,7,627,7.0,0,1,1,0,0,0,1,0,0.7,0.7,0.9,1.7,8,38,26,0.00,0.14,0.14,0.00,0.14,0.11,0.13,0.24,0.11,0.24,Matches,Manchester United
Kieran Trippier,eng ENG,DF,31,38,38,"3,341",37.1,1,7,8,1,0,0,5,0,0.9,0.9,12.4,13.3,45,260,151,0.03,0.19,0.22,0.03,0.22,0.02,0.33,0.36,0.02,0.36,Matches,Newcastle United
Nick Pope,eng ENG,GK,30,37,37,"3,261",36.2,0,0,0,0,0,0,3,1,0.0,0.0,0.1,0.1,0,1,0,0.00,0.00,0.00,0.00,0.00,0.00,0.00,0.00,0.00,0.00,Matches,Newcastle United
Fabian Schär,ch SUI,DF,30,36,36,"3,206",35.6,1,3,4,1,0,0,7,0,4.9,4.9,3.3,8.2,27,139,32,0.03,0.08,0.11,0.03,0.11,0.14,0.09,0.23,0.14,0.23,Matches,Newcastle United
Sven Botman,nl NED,DF,22,36,35,"3,127",34.7,0,0,0,0,0,0,2,0,2.5,2.5,1.0,3.5,8,87,5,0.00,0.00,0.00,0.00,0.00,0.07,0.03,0.10,0.07,0.10,Matches,Newcastle United
Dan Burn,eng ENG,DF,30,38,35,"3,111",34.6,1,0,1,1,0,0,5,0,2.1,2.1,1.3,3.4,29,118,46,0.03,0.00,0.03,0.03,0.03,0.06,0.04,0.10,0.06,0.10,Matches,Newcastle United
Bruno Guimarães,br BRA,MF,24,32,32,"2,726",30.3,4,5,9,4,0,0,7,0,2.8,2.8,4.0,6.8,41,222,42,0.13,0.17,0.30,0.13,0.30,0.09,0.13,0.23,0.09,0.23,Matches,Newcastle United
Joe Willock,eng ENG,MF,22,35,31,"2,558",28.4,3,6,9,3,0,0,1,0,7.0,7.0,6.0,13.0,97,121,152,0.11,0.21,0.32,0.11,0.32,0.25,0.21,0.46,0.25,0.46,Matches,Newcastle United
Joelinton,br BRA,"MF,FW",25,32,30,"2,661",29.6,6,1,7,6,0,0,12,0,7.1,7.1,2.4,9.4,64,130,150,0.20,0.03,0.24,0.20,0.24,0.24,0.08,0.32,0.24,0.32,Matches,Newcastle United
Miguel Almirón,py PAR,FW,28,34,29,"2,491",27.7,11,2,13,11,0,0,2,0,8.0,8.0,3.2,11.1,77,124,264,0.40,0.07,0.47,0.40,0.47,0.29,0.11,0.40,0.29,0.40,Matches,Newcastle United
Sean Longstaff,eng ENG,MF,24,33,28,"2,518",28.0,1,4,5,1,0,0,2,0,3.6,3.6,3.3,6.9,21,116,115,0.04,0.14,0.18,0.04,0.18,0.13,0.12,0.25,0.13,0.25,Matches,Newcastle United
Callum Wilson,eng ENG,FW,30,31,21,"1,877",20.9,18,5,23,15,3,3,4,0,17.5,15.1,2.7,17.8,27,19,118,0.86,0.24,1.10,0.72,0.96,0.84,0.13,0.97,0.72,0.85,Matches,Newcastle United
Alexander Isak,se SWE,FW,22,22,17,"1,522",16.9,10,1,11,8,2,2,3,0,8.2,6.7,2.2,8.9,41,48,122,0.59,0.06,0.65,0.47,0.53,0.49,0.13,0.62,0.40,0.52,Matches,Newcastle United
Jacob Murphy,eng ENG,FW,27,36,14,"1,251",13.9,4,2,6,4,0,0,0,0,3.3,3.3,2.8,6.1,66,57,141,0.29,0.14,0.43,0.29,0.43,0.24,0.20,0.44,0.24,0.44,Matches,Newcastle United
Allan Saint-Maximin,fr FRA,FW,25,25,12,"1,120",12.4,1,5,6,1,0,0,1,0,1.6,1.6,4.6,6.2,93,69,111,0.08,0.40,0.48,0.08,0.48,0.13,0.37,0.50,0.13,0.50,Matches,Newcastle United
Matt Targett,eng ENG,DF,26,17,6,610,6.8,0,0,0,0,0,0,1,0,0.0,0.0,0.4,0.4,3,43,13,0.00,0.00,0.00,0.00,0.00,0.00,0.06,0.07,0.00,0.07,Matches,Newcastle United
Anthony Gordon,eng ENG,"FW,MF",21,16,4,487,5.4,1,0,1,1,0,0,1,0,1.7,1.7,0.9,2.6,20,15,45,0.18,0.00,0.18,0.18,0.18,0.31,0.17,0.48,0.31,0.48,Matches,Newcastle United
Chris Wood,nz NZL,FW,30,18,4,446,5.0,2,0,2,1,1,1,0,0,1.8,1.0,0.3,1.3,1,4,23,0.40,0.00,0.40,0.20,0.20,0.37,0.06,0.43,0.21,0.27,Matches,Newcastle United
Elliot Anderson,sct SCO,"MF,FW",19,22,3,410,4.6,0,1,1,0,0,0,0,0,1.0,1.0,1.3,2.3,23,24,35,0.00,0.22,0.22,0.00,0.22,0.22,0.28,0.51,0.22,0.51,Matches,Newcastle United
Ryan Fraser,sct SCO,FW,28,8,3,313,3.5,0,0,0,0,0,0,1,0,0.3,0.3,0.4,0.7,8,9,23,0.00,0.00,0.00,0.00,0.00,0.09,0.11,0.20,0.09,0.20,Matches,Newcastle United
Jamaal Lascelles,eng ENG,DF,28,7,2,218,2.4,0,0,0,0,0,0,4,0,0.1,0.1,0.0,0.1,0,3,0,0.00,0.00,0.00,0.00,0.00,0.04,0.00,0.04,0.04,0.04,Matches,Newcastle United
Alisson,br BRA,GK,29,37,37,"3,330",37.0,0,1,1,0,0,0,1,0,0.0,0.0,0.3,0.3,0,3,0,0.00,0.03,0.03,0.00,0.03,0.00,0.01,0.01,0.00,0.01,Matches,Liverpool
Mohamed Salah,eg EGY,FW,30,38,37,"3,290",36.6,19,12,31,17,2,4,2,0,21.7,18.5,7.7,26.2,120,149,421,0.52,0.33,0.85,0.47,0.79,0.59,0.21,0.80,0.51,0.72,Matches,Liverpool
Trent Alexander-Arnold,eng ENG,DF,23,37,34,"2,923",32.5,2,9,11,2,0,0,5,0,2.4,2.4,11.5,13.8,43,235,139,0.06,0.28,0.34,0.06,0.34,0.07,0.35,0.43,0.07,0.43,Matches,Liverpool
Virgil van Dijk,nl NED,DF,31,32,32,"2,835",31.5,3,1,4,3,0,0,3,0,2.6,2.6,1.2,3.8,10,127,8,0.10,0.03,0.13,0.10,0.13,0.08,0.04,0.12,0.08,0.12,Matches,Liverpool
Fabinho,br BRA,MF,28,36,31,"2,671",29.7,0,2,2,0,0,0,11,0,0.7,0.7,2.1,2.9,15,161,39,0.00,0.07,0.07,0.00,0.07,0.02,0.07,0.10,0.02,0.10,Matches,Liverpool
Andrew Robertson,sct SCO,DF,28,34,29,"2,583",28.7,0,8,8,0,0,0,3,0,1.3,1.3,6.1,7.4,80,166,194,0.00,0.28,0.28,0.00,0.28,0.05,0.21,0.26,0.05,0.26,Matches,Liverpool
Jordan Henderson,eng ENG,MF,32,35,23,"2,074",23.0,0,2,2,0,0,0,2,0,1.4,1.4,3.2,4.5,37,189,90,0.00,0.09,0.09,0.00,0.09,0.06,0.14,0.20,0.06,0.20,Matches,Liverpool
Darwin Núñez,uy URU,FW,23,29,19,"1,695",18.8,9,3,12,9,0,0,1,1,12.1,12.1,5.4,17.5,61,29,181,0.48,0.16,0.64,0.48,0.64,0.64,0.28,0.93,0.64,0.93,Matches,Liverpool
Harvey Elliott,eng ENG,"MF,FW",19,32,18,"1,613",17.9,1,2,3,1,0,0,2,0,2.1,2.1,3.6,5.7,54,142,129,0.06,0.11,0.17,0.06,0.17,0.12,0.20,0.32,0.12,0.32,Matches,Liverpool
Ibrahima Konaté,fr FRA,DF,23,18,17,"1,552",17.2,0,0,0,0,0,0,5,0,1.2,1.2,0.1,1.4,7,56,5,0.00,0.00,0.00,0.00,0.00,0.07,0.01,0.08,0.07,0.08,Matches,Liverpool
Cody Gakpo,nl NED,"FW,MF",23,21,17,"1,458",16.2,7,2,9,7,0,0,0,0,6.2,6.2,2.7,8.9,36,50,109,0.43,0.12,0.56,0.43,0.56,0.38,0.17,0.55,0.38,0.55,Matches,Liverpool
Joe Gomez,eng ENG,DF,25,21,15,"1,466",16.3,0,0,0,0,0,0,3,0,0.2,0.2,0.2,0.3,15,108,5,0.00,0.00,0.00,0.00,0.00,0.01,0.01,0.02,0.01,0.02,Matches,Liverpool
Thiago Alcántara,es ESP,MF,31,18,14,"1,254",13.9,0,0,0,0,0,0,2,0,0.4,0.4,1.1,1.5,13,120,24,0.00,0.00,0.00,0.00,0.00,0.03,0.08,0.11,0.03,0.11,Matches,Liverpool
Roberto Firmino,br BRA,"FW,MF",30,25,13,"1,213",13.5,11,4,15,11,0,0,0,0,5.5,5.5,2.5,8.0,16,78,96,0.82,0.30,1.11,0.82,1.11,0.41,0.19,0.59,0.41,0.59,Matches,Liverpool
Diogo Jota,pt POR,FW,25,22,12,"1,131",12.6,7,4,11,7,0,0,2,0,6.5,6.5,2.1,8.6,34,30,104,0.56,0.32,0.88,0.56,0.88,0.52,0.17,0.69,0.52,0.69,Matches,Liverpool
Joël Matip,cm CMR,DF,30,14,12,"1,092",12.1,1,0,1,1,0,0,3,0,0.7,0.7,0.3,1.0,28,59,2,0.08,0.00,0.08,0.08,0.08,0.06,0.02,0.08,0.06,0.08,Matches,Liverpool
Curtis Jones,eng ENG,MF,21,18,12,"1,035",11.5,3,1,4,3,0,0,2,0,1.2,1.2,1.1,2.3,31,69,75,0.26,0.09,0.35,0.26,0.35,0.10,0.10,0.20,0.10,0.20,Matches,Liverpool
Luis Díaz,co COL,FW,25,17,11,996,11.1,4,2,6,4,0,0,2,0,2.5,2.5,1.5,4.0,39,49,116,0.36,0.18,0.54,0.36,0.54,0.22,0.14,0.36,0.22,0.36,Matches,Liverpool
Kostas Tsimikas,gr GRE,DF,26,20,9,771,8.6,0,4,4,0,0,0,3,0,0.6,0.6,1.6,2.3,23,26,77,0.00,0.47,0.47,0.00,0.47,0.07,0.19,0.26,0.07,0.26,Matches,Liverpool
James Milner,eng ENG,"MF,DF",36,31,7,913,10.1,0,1,1,0,0,0,2,0,0.4,0.4,0.9,1.3,21,70,78,0.00,0.10,0.10,0.00,0.10,0.04,0.09,0.13,0.04,0.13,Matches,Liverpool
Pascal Groß,de GER,"MF,DF",31,37,37,"3,239",36.0,9,8,17,9,0,0,6,0,5.4,5.4,10.9,16.3,62,255,209,0.25,0.22,0.47,0.25,0.47,0.15,0.30,0.45,0.15,0.45,Matches,Brighton & Hove Albion
Lewis Dunk,eng ENG,DF,30,36,36,"3,239",36.0,1,0,1,1,0,0,4,0,1.7,1.7,1.0,2.7,19,158,5,0.03,0.00,0.03,0.03,0.03,0.05,0.03,0.07,0.05,0.07,Matches,Brighton & Hove Albion
Moisés Caicedo,ec ECU,MF,20,37,34,"3,139",34.9,1,1,2,1,0,0,10,0,1.7,1.7,2.7,4.3,38,219,61,0.03,0.03,0.06,0.03,0.06,0.05,0.08,0.12,0.05,0.12,Matches,Brighton & Hove Albion
Alexis Mac Allister,ar ARG,MF,23,35,31,"2,886",32.1,10,2,12,4,6,6,8,0,12.1,7.3,4.3,11.6,69,174,77,0.31,0.06,0.37,0.12,0.19,0.38,0.13,0.51,0.23,0.36,Matches,Brighton & Hove Albion
Solly March,eng ENG,"FW,DF",28,33,31,"2,715",30.2,7,7,14,7,0,0,2,0,8.1,8.1,8.4,16.5,110,135,357,0.23,0.23,0.46,0.23,0.46,0.27,0.28,0.55,0.27,0.55,Matches,Brighton & Hove Albion
Pervis Estupiñán,ec ECU,DF,24,35,31,"2,675",29.7,1,5,6,1,0,0,4,0,1.7,1.7,5.4,7.1,91,157,183,0.03,0.17,0.20,0.03,0.20,0.06,0.18,0.24,0.06,0.24,Matches,Brighton & Hove Albion
Joël Veltman,nl NED,DF,30,31,25,"2,188",24.3,1,1,2,1,0,0,6,0,1.8,1.8,0.7,2.5,43,153,49,0.04,0.04,0.08,0.04,0.08,0.07,0.03,0.10,0.07,0.10,Matches,Brighton & Hove Albion
Kaoru Mitoma,jp JPN,"FW,MF",25,33,24,"2,318",25.8,7,5,12,7,0,0,0,0,8.1,8.1,6.4,14.5,143,90,260,0.27,0.19,0.47,0.27,0.47,0.31,0.25,0.56,0.31,0.56,Matches,Brighton & Hove Albion
Robert Sánchez,es ESP,GK,24,23,23,"2,070",23.0,0,0,0,0,0,0,2,0,0.0,0.0,0.0,0.0,0,0,0,0.00,0.00,0.00,0.00,0.00,0.00,0.00,0.00,0.00,0.00,Matches,Brighton & Hove Albion
Adam Webster,eng ENG,DF,27,27,23,"1,985",22.1,0,0,0,0,0,0,2,0,1.8,1.8,0.2,1.9,19,119,9,0.00,0.00,0.00,0.00,0.00,0.08,0.01,0.09,0.08,0.09,Matches,Brighton & Hove Albion
Danny Welbeck,eng ENG,FW,31,31,21,"1,854",20.6,6,3,9,6,0,0,0,0,9.4,9.4,4.3,13.7,31,49,134,0.29,0.15,0.44,0.29,0.44,0.46,0.21,0.66,0.46,0.66,Matches,Brighton & Hove Albion
Leandro Trossard,be BEL,"FW,MF",27,16,16,"1,315",14.6,7,2,9,7,0,0,1,0,4.4,4.4,2.1,6.5,40,67,118,0.48,0.14,0.62,0.48,0.62,0.30,0.14,0.45,0.30,0.45,Matches,Brighton & Hove Albion
Jason Steele,eng ENG,GK,31,15,15,"1,350",15.0,0,1,1,0,0,0,1,0,0.0,0.0,0.1,0.1,0,0,0,0.00,0.07,0.07,0.00,0.07,0.00,0.01,0.01,0.00,0.01,Matches,Brighton & Hove Albion
Levi Colwill,eng ENG,DF,19,17,13,"1,220",13.6,0,2,2,0,0,0,1,0,1.4,1.4,0.5,1.9,16,70,3,0.00,0.15,0.15,0.00,0.15,0.10,0.04,0.14,0.10,0.14,Matches,Brighton & Hove Albion
Adam Lallana,eng ENG,"MF,FW",34,16,12,722,8.0,2,1,3,2,0,0,0,0,0.9,0.9,1.0,1.9,10,33,43,0.25,0.12,0.37,0.25,0.37,0.11,0.12,0.23,0.11,0.23,Matches,Brighton & Hove Albion
Evan Ferguson,ie IRL,FW,17,19,10,950,10.6,6,2,8,6,0,0,1,0,5.3,5.3,0.7,6.1,11,14,58,0.57,0.19,0.76,0.57,0.76,0.51,0.07,0.57,0.51,0.57,Matches,Brighton & Hove Albion
Julio César Enciso,py PAR,"FW,MF",18,20,7,806,9.0,4,2,6,4,0,0,1,0,4.0,4.0,1.7,5.7,39,31,74,0.45,0.22,0.67,0.45,0.67,0.45,0.19,0.64,0.45,0.64,Matches,Brighton & Hove Albion
Billy Gilmour,sct SCO,MF,21,14,7,507,5.6,0,1,1,0,0,0,1,0,0.5,0.5,0.2,0.8,5,35,4,0.00,0.18,0.18,0.00,0.18,0.09,0.04,0.13,0.09,0.13,Matches,Brighton & Hove Albion
Deniz Undav,de GER,"FW,MF",26,22,6,628,7.0,5,0,5,5,0,0,2,0,4.5,4.5,1.1,5.6,12,10,40,0.72,0.00,0.72,0.72,0.72,0.65,0.15,0.80,0.65,0.80,Matches,Brighton & Hove Albion
Facundo Buonanotte,ar ARG,"FW,MF",17,13,6,565,6.3,1,1,2,1,0,0,2,0,1.4,1.4,0.5,1.9,9,13,42,0.16,0.16,0.32,0.16,0.32,0.22,0.09,0.31,0.22,0.31,Matches,Brighton & Hove Albion
Ezri Konsa,eng ENG,DF,24,38,37,"3,322",36.9,0,0,0,0,0,0,6,0,1.1,1.1,1.3,2.3,7,56,11,0.00,0.00,0.00,0.00,0.00,0.03,0.03,0.06,0.03,0.06,Matches,Aston Villa
Emiliano Martínez,ar ARG,GK,29,36,36,"3,139",34.9,0,0,0,0,0,0,7,0,0.0,0.0,0.3,0.3,0,0,0,0.00,0.00,0.00,0.00,0.00,0.00,0.01,0.01,0.00,0.01,Matches,Aston Villa
Ollie Watkins,eng ENG,FW,26,37,36,"3,127",34.7,15,6,21,14,1,2,4,0,16.5,14.9,3.8,18.7,50,39,196,0.43,0.17,0.60,0.40,0.58,0.47,0.11,0.58,0.43,0.54,Matches,Aston Villa
Tyrone Mings,eng ENG,DF,29,35,35,"3,150",35.0,1,2,3,1,0,0,7,0,1.2,1.2,1.4,2.6,20,111,7,0.03,0.06,0.09,0.03,0.09,0.03,0.04,0.07,0.03,0.07,Matches,Aston Villa
Douglas Luiz,br BRA,MF,24,37,33,"2,927",32.5,6,6,12,6,0,0,6,1,2.8,2.8,4.4,7.2,48,148,35,0.18,0.18,0.37,0.18,0.37,0.09,0.14,0.22,0.09,0.22,Matches,Aston Villa
Jacob Ramsey,eng ENG,"MF,FW",21,35,31,"2,636",29.3,6,7,13,6,0,0,5,0,5.0,5.0,5.1,10.1,94,98,119,0.20,0.24,0.44,0.20,0.44,0.17,0.17,0.34,0.17,0.34,Matches,Aston Villa
John McGinn,sct SCO,"MF,FW",27,34,30,"2,693",29.9,1,3,4,1,0,0,7,0,2.4,2.4,2.6,5.0,34,140,66,0.03,0.10,0.13,0.03,0.13,0.08,0.09,0.17,0.08,0.17,Matches,Aston Villa
Emi Buendía,ar ARG,"MF,FW",25,38,27,"2,412",26.8,5,2,7,5,0,0,0,0,6.3,6.3,5.7,12.0,60,138,137,0.19,0.07,0.26,0.19,0.26,0.24,0.21,0.45,0.24,0.45,Matches,Aston Villa
Leon Bailey,jm JAM,"FW,MF",24,33,26,"1,967",21.9,4,4,8,4,0,0,4,0,5.3,5.3,4.8,10.1,85,28,182,0.18,0.18,0.37,0.18,0.37,0.24,0.22,0.46,0.24,0.46,Matches,Aston Villa
Ashley Young,eng ENG,DF,37,29,23,"2,036",22.6,1,0,1,1,0,0,7,0,0.5,0.5,1.0,1.4,29,107,33,0.04,0.00,0.04,0.04,0.04,0.02,0.04,0.06,0.02,0.06,Matches,Aston Villa
Boubacar Kamara,fr FRA,MF,22,24,21,"1,777",19.7,0,1,1,0,0,0,4,0,0.2,0.2,0.8,1.0,16,84,8,0.00,0.05,0.05,0.00,0.05,0.01,0.04,0.05,0.01,0.05,Matches,Aston Villa
Matty Cash,pl POL,DF,24,26,20,"1,820",20.2,0,1,1,0,0,0,4,0,0.2,0.2,0.7,0.9,42,75,57,0.00,0.05,0.05,0.00,0.05,0.01,0.04,0.05,0.01,0.05,Matches,Aston Villa
Lucas Digne,fr FRA,DF,29,28,18,"1,502",16.7,1,0,1,1,0,0,5,0,0.4,0.4,1.9,2.3,29,57,89,0.06,0.00,0.06,0.06,0.06,0.02,0.11,0.14,0.02,0.14,Matches,Aston Villa
Álex Moreno,es ESP,DF,29,19,14,"1,329",14.8,0,3,3,0,0,0,3,0,0.6,0.6,3.0,3.7,65,37,122,0.00,0.20,0.20,0.00,0.20,0.04,0.21,0.25,0.04,0.25,Matches,Aston Villa
Danny Ings,eng ENG,FW,30,18,8,824,9.2,6,0,6,4,2,2,3,0,5.3,3.8,1.2,5.0,15,12,46,0.66,0.00,0.66,0.44,0.44,0.59,0.13,0.71,0.41,0.54,Matches,Aston Villa
Philippe Coutinho,br BRA,"MF,FW",30,20,7,788,8.8,1,0,1,1,0,0,3,0,1.4,1.4,0.5,1.8,18,48,68,0.11,0.00,0.11,0.11,0.11,0.16,0.05,0.21,0.16,0.21,Matches,Aston Villa
Leander Dendoncker,be BEL,MF,27,20,7,697,7.7,0,0,0,0,0,0,0,0,0.1,0.1,0.5,0.5,1,18,2,0.00,0.00,0.00,0.00,0.00,0.01,0.06,0.07,0.01,0.07,Matches,Aston Villa
Calum Chambers,eng ENG,"DF,MF",27,14,2,353,3.9,0,0,0,0,0,0,2,0,0.1,0.1,0.3,0.4,6,16,2,0.00,0.00,0.00,0.00,0.00,0.03,0.07,0.10,0.03,0.10,Matches,Aston Villa
Robin Olsen,se SWE,GK,32,4,2,281,3.1,0,0,0,0,0,0,0,0,0.0,0.0,0.0,0.0,0,0,0,0.00,0.00,0.00,0.00,0.00,0.00,0.00,0.00,0.00,0.00,Matches,Aston Villa
Diego Carlos,br BRA,DF,29,3,2,205,2.3,0,0,0,0,0,0,0,0,0.4,0.4,0.0,0.4,1,11,0,0.00,0.00,0.00,0.00,0.00,0.16,0.02,0.18,0.16,0.18,Matches,Aston Villa
Harry Kane,eng ENG,FW,29,38,38,"3,405",37.8,30,3,33,25,5,6,6,0,21.5,16.7,7.0,23.7,60,180,193,0.79,0.08,0.87,0.66,0.74,0.57,0.18,0.75,0.44,0.63,Matches,Tottenham Hotspur
Pierre Højbjerg,dk DEN,MF,26,35,35,"3,131",34.8,4,5,9,4,0,0,5,0,2.0,2.0,3.1,5.1,46,235,66,0.11,0.14,0.26,0.11,0.26,0.06,0.09,0.15,0.06,0.15,Matches,Tottenham Hotspur
Son Heung-min,kr KOR,"MF,FW",30,36,33,"2,888",32.1,10,6,16,10,0,0,2,0,10.1,10.1,6.5,16.6,82,79,196,0.31,0.19,0.50,0.31,0.50,0.31,0.20,0.52,0.31,0.52,Matches,Tottenham Hotspur
Eric Dier,eng ENG,DF,28,33,31,"2,818",31.3,2,1,3,2,0,0,3,0,1.6,1.6,1.2,2.8,9,87,14,0.06,0.03,0.10,0.06,0.10,0.05,0.04,0.09,0.05,0.09,Matches,Tottenham Hotspur
Cristian Romero,ar ARG,DF,24,27,26,"2,364",26.3,0,1,1,0,0,0,11,1,1.5,1.5,1.2,2.6,19,92,9,0.00,0.04,0.04,0.00,0.04,0.06,0.05,0.10,0.06,0.10,Matches,Tottenham Hotspur
Ben Davies,wls WAL,DF,29,31,26,"2,288",25.4,2,2,4,2,0,0,4,0,1.0,1.0,2.5,3.5,39,107,69,0.08,0.08,0.16,0.08,0.16,0.04,0.10,0.14,0.04,0.14,Matches,Tottenham Hotspur
Hugo Lloris,fr FRA,GK,35,25,25,"2,205",24.5,0,0,0,0,0,0,0,0,0.0,0.0,0.0,0.0,0,0,0,0.00,0.00,0.00,0.00,0.00,0.00,0.00,0.00,0.00,0.00,Matches,Tottenham Hotspur
Clément Lenglet,fr FRA,DF,27,26,24,"2,019",22.4,0,2,2,0,0,0,4,0,1.0,1.0,0.6,1.6,33,85,7,0.00,0.09,0.09,0.00,0.09,0.04,0.03,0.07,0.04,0.07,Matches,Tottenham Hotspur
Ivan Perišić,hr CRO,"DF,MF",33,34,23,"2,108",23.4,1,8,9,1,0,0,6,0,2.6,2.6,6.1,8.8,87,61,181,0.04,0.34,0.38,0.04,0.38,0.11,0.26,0.37,0.11,0.37,Matches,Tottenham Hotspur
Dejan Kulusevski,se SWE,"MF,FW",22,30,23,"2,067",23.0,2,7,9,2,0,0,2,0,2.6,2.6,4.7,7.2,87,67,195,0.09,0.30,0.39,0.09,0.39,0.11,0.20,0.31,0.11,0.31,Matches,Tottenham Hotspur
Emerson,br BRA,DF,23,26,20,"1,735",19.3,2,1,3,2,0,0,2,1,1.7,1.7,0.6,2.3,47,80,103,0.10,0.05,0.16,0.10,0.16,0.09,0.03,0.12,0.09,0.12,Matches,Tottenham Hotspur
Oliver Skipp,eng ENG,MF,21,23,18,"1,491",16.6,1,0,1,1,0,0,7,0,0.3,0.3,0.6,0.9,14,56,25,0.06,0.00,0.06,0.06,0.06,0.02,0.04,0.05,0.02,0.05,Matches,Tottenham Hotspur
Rodrigo Bentancur,uy URU,MF,25,18,17,"1,500",16.7,5,2,7,5,0,0,8,0,2.2,2.2,0.8,3.1,26,76,19,0.30,0.12,0.42,0.30,0.42,0.13,0.05,0.18,0.13,0.18,Matches,Tottenham Hotspur
Fraser Forster,eng ENG,GK,34,14,13,"1,215",13.5,0,0,0,0,0,0,1,0,0.0,0.0,0.0,0.0,0,0,0,0.00,0.00,0.00,0.00,0.00,0.00,0.00,0.00,0.00,0.00,Matches,Tottenham Hotspur
Pedro Porro,es ESP,"DF,MF",22,15,13,"1,131",12.6,3,3,6,3,0,0,0,0,1.8,1.8,3.0,4.8,34,39,95,0.24,0.24,0.48,0.24,0.48,0.15,0.24,0.38,0.15,0.38,Matches,Tottenham Hotspur
Richarlison,br BRA,"MF,FW",25,27,12,"1,010",11.2,1,3,4,1,0,0,3,0,3.3,3.3,2.2,5.5,33,28,75,0.09,0.27,0.36,0.09,0.36,0.29,0.20,0.49,0.29,0.49,Matches,Tottenham Hotspur
Yves Bissouma,ml MLI,MF,25,23,10,"1,010",11.2,0,0,0,0,0,0,6,0,0.2,0.2,0.5,0.7,14,62,10,0.00,0.00,0.00,0.00,0.00,0.02,0.05,0.06,0.02,0.06,Matches,Tottenham Hotspur
Ryan Sessegnon,eng ENG,DF,22,17,9,813,9.0,2,0,2,2,0,0,4,0,1.6,1.6,1.1,2.7,24,22,64,0.22,0.00,0.22,0.22,0.22,0.18,0.12,0.30,0.18,0.30,Matches,Tottenham Hotspur
Davinson Sánchez,co COL,DF,26,18,8,858,9.5,0,0,0,0,0,0,1,0,0.6,0.6,0.4,1.0,5,35,4,0.00,0.00,0.00,0.00,0.00,0.07,0.04,0.11,0.07,0.11,Matches,Tottenham Hotspur
Matt Doherty,ie IRL,"DF,MF",30,12,7,667,7.4,1,0,1,1,0,0,0,0,0.8,0.8,0.3,1.0,16,20,57,0.13,0.00,0.13,0.13,0.13,0.10,0.04,0.14,0.10,0.14,Matches,Tottenham Hotspur
David Raya,es ESP,GK,26,38,38,"3,420",38.0,0,0,0,0,0,0,1,0,0.1,0.1,0.1,0.3,0,13,0,0.00,0.00,0.00,0.00,0.00,0.00,0.00,0.01,0.00,0.01,Matches,Brentford
Ben Mee,eng ENG,DF,32,37,37,"3,269",36.3,3,1,4,3,0,0,2,0,3.2,3.2,1.3,4.5,8,84,14,0.08,0.03,0.11,0.08,0.11,0.09,0.04,0.12,0.09,0.12,Matches,Brentford
Rico Henry,eng ENG,DF,25,37,37,"3,238",36.0,0,2,2,0,0,0,4,0,1.6,1.6,2.7,4.2,55,107,111,0.00,0.06,0.06,0.00,0.06,0.04,0.07,0.12,0.04,0.12,Matches,Brentford
Mathias Jensen,dk DEN,MF,26,37,37,"2,803",31.1,5,6,11,5,0,0,5,0,2.2,2.2,5.0,7.2,21,141,77,0.16,0.19,0.35,0.16,0.35,0.07,0.16,0.23,0.07,0.23,Matches,Brentford
Bryan Mbeumo,cm CMR,FW,22,38,36,"2,906",32.3,9,8,17,8,1,1,5,0,9.8,9.0,7.6,16.5,66,88,235,0.28,0.25,0.53,0.25,0.50,0.30,0.23,0.54,0.28,0.51,Matches,Brentford
Ivan Toney,eng ENG,FW,26,33,33,"2,951",32.8,20,4,24,14,6,7,9,0,18.7,13.2,5.1,18.3,14,79,165,0.61,0.12,0.73,0.43,0.55,0.57,0.15,0.73,0.40,0.56,Matches,Brentford
Ethan Pinnock,jm JAM,DF,29,30,30,"2,700",30.0,3,0,3,3,0,0,0,0,3.0,3.0,1.0,4.0,2,52,16,0.10,0.00,0.10,0.10,0.10,0.10,0.03,0.13,0.10,0.13,Matches,Brentford
Vitaly Janelt,de GER,"MF,DF",24,35,24,"2,208",24.5,3,1,4,3,0,0,3,0,2.4,2.4,1.4,3.8,14,82,28,0.12,0.04,0.16,0.12,0.16,0.10,0.06,0.15,0.10,0.15,Matches,Brentford
Aaron Hickey,sct SCO,DF,20,26,23,"1,916",21.3,0,1,1,0,0,0,7,0,0.4,0.4,0.4,0.8,41,81,47,0.00,0.05,0.05,0.00,0.05,0.02,0.02,0.04,0.02,0.04,Matches,Brentford
Christian Nørgaard,dk DEN,MF,28,22,21,"1,763",19.6,1,3,4,1,0,0,6,0,1.6,1.6,3.1,4.7,4,73,8,0.05,0.15,0.20,0.05,0.20,0.08,0.16,0.24,0.08,0.24,Matches,Brentford
Yoane Wissa,cd COD,FW,25,38,16,"1,606",17.8,7,3,10,7,0,0,3,0,5.6,5.6,2.5,8.2,24,27,104,0.39,0.17,0.56,0.39,0.56,0.32,0.14,0.46,0.32,0.46,Matches,Brentford
Josh Dasilva,eng ENG,MF,23,36,14,"1,389",15.4,4,2,6,4,0,0,1,0,1.5,1.5,1.5,3.0,60,62,69,0.26,0.13,0.39,0.26,0.39,0.10,0.09,0.19,0.10,0.19,Matches,Brentford
Mads Roerslev,dk DEN,DF,23,20,12,"1,108",12.3,0,0,0,0,0,0,0,0,0.3,0.3,1.2,1.5,8,19,36,0.00,0.00,0.00,0.00,0.00,0.03,0.10,0.12,0.03,0.12,Matches,Brentford
Mathias Jørgensen,dk DEN,DF,32,18,11,"1,103",12.3,0,0,0,0,0,0,2,0,0.9,0.9,0.2,1.1,1,35,1,0.00,0.00,0.00,0.00,0.00,0.07,0.01,0.09,0.07,0.09,Matches,Brentford
Mikkel Damsgaard,dk DEN,"MF,FW",22,26,9,988,11.0,0,0,0,0,0,0,4,0,2.6,2.6,1.4,4.0,9,44,45,0.00,0.00,0.00,0.00,0.00,0.24,0.13,0.36,0.24,0.36,Matches,Brentford
Kristoffer Ajer,no NOR,DF,24,9,9,763,8.5,0,0,0,0,0,0,0,0,0.0,0.0,0.0,0.1,10,31,12,0.00,0.00,0.00,0.00,0.00,0.00,0.00,0.01,0.00,0.01,Matches,Brentford
Pontus Jansson,se SWE,DF,31,12,9,724,8.0,1,0,1,1,0,0,0,0,0.3,0.3,0.0,0.3,1,14,0,0.12,0.00,0.12,0.12,0.12,0.04,0.00,0.04,0.04,0.04,Matches,Brentford
Frank Onyeka,ng NGA,MF,24,21,8,848,9.4,0,2,2,0,0,0,0,0,1.0,1.0,0.6,1.7,9,28,21,0.00,0.21,0.21,0.00,0.21,0.11,0.07,0.18,0.11,0.18,Matches,Brentford
Kevin Schade,de GER,FW,20,18,7,732,8.1,0,1,1,0,0,0,2,0,2.1,2.1,1.1,3.2,24,15,57,0.00,0.12,0.12,0.00,0.12,0.25,0.14,0.39,0.25,0.39,Matches,Brentford
Shandon Baptiste,gd GRN,MF,24,23,4,618,6.9,0,1,1,0,0,0,3,1,0.4,0.4,1.1,1.4,8,39,23,0.00,0.15,0.15,0.00,0.15,0.05,0.16,0.21,0.05,0.21,Matches,Brentford
Bernd Leno,de GER,GK,30,36,36,"3,240",36.0,0,0,0,0,0,0,3,0,0.0,0.0,0.0,0.0,0,0,0,0.00,0.00,0.00,0.00,0.00,0.00,0.00,0.00,0.00,0.00,Matches,Fulham
João Palhinha,pt POR,MF,27,35,35,"3,108",34.5,3,0,3,3,0,0,14,0,2.9,2.9,0.4,3.3,8,101,18,0.09,0.00,0.09,0.09,0.09,0.08,0.01,0.10,0.08,0.10,Matches,Fulham
Antonee Robinson,us USA,DF,24,35,35,"3,088",34.3,0,1,1,0,0,0,8,0,0.1,0.1,1.3,1.4,112,129,153,0.00,0.03,0.03,0.00,0.03,0.00,0.04,0.04,0.00,0.04,Matches,Fulham
Harrison Reed,eng ENG,MF,27,37,35,"2,866",31.8,3,4,7,3,0,0,5,0,1.9,1.9,4.1,6.0,30,102,107,0.09,0.13,0.22,0.09,0.22,0.06,0.13,0.19,0.06,0.19,Matches,Fulham
Tim Ream,us USA,DF,34,33,33,"2,897",32.2,1,0,1,1,0,0,2,0,0.3,0.3,0.1,0.4,28,142,2,0.03,0.00,0.03,0.03,0.03,0.01,0.00,0.01,0.01,0.01,Matches,Fulham
Andreas Pereira,br BRA,MF,26,33,33,"2,692",29.9,4,6,10,3,1,1,8,0,7.3,6.5,5.2,11.7,53,121,133,0.13,0.20,0.33,0.10,0.30,0.24,0.17,0.42,0.22,0.39,Matches,Fulham
Kenny Tete,nl NED,DF,26,31,29,"2,569",28.5,1,5,6,1,0,0,8,0,0.7,0.7,1.9,2.5,75,103,69,0.04,0.18,0.21,0.04,0.21,0.02,0.07,0.09,0.02,0.09,Matches,Fulham
Bobby Reid,jm JAM,"FW,DF",29,36,29,"2,475",27.5,4,1,5,4,0,0,8,0,3.9,3.9,1.7,5.6,46,63,186,0.15,0.04,0.18,0.15,0.18,0.14,0.06,0.20,0.14,0.20,Matches,Fulham
Willian,br BRA,FW,33,27,25,"2,126",23.6,5,5,10,5,0,0,2,0,3.4,3.4,4.4,7.8,97,113,152,0.21,0.21,0.42,0.21,0.42,0.14,0.19,0.33,0.14,0.33,Matches,Fulham
Tosin Adarabioyo,eng ENG,DF,24,25,23,"2,085",23.2,1,0,1,1,0,0,4,0,0.7,0.7,0.4,1.1,16,95,3,0.04,0.00,0.04,0.04,0.04,0.03,0.02,0.05,0.03,0.05,Matches,Fulham
Aleksandar Mitrović,rs SRB,FW,27,24,23,"2,008",22.3,14,1,15,10,4,8,7,0,14.9,8.6,2.3,10.9,24,44,97,0.63,0.04,0.67,0.45,0.49,0.67,0.10,0.77,0.39,0.49,Matches,Fulham
Issa Diop,fr FRA,DF,25,25,21,"2,012",22.4,1,0,1,1,0,0,2,0,0.3,0.3,0.4,0.7,13,70,4,0.04,0.00,0.04,0.04,0.04,0.01,0.02,0.03,0.01,0.03,Matches,Fulham
Harry Wilson,wls WAL,FW,25,29,13,"1,100",12.2,2,3,5,2,0,0,1,0,2.0,2.0,0.9,2.9,18,37,87,0.16,0.25,0.41,0.16,0.41,0.16,0.07,0.24,0.16,0.24,Matches,Fulham
Carlos Vinícius,br BRA,FW,27,28,11,"1,109",12.3,5,2,7,5,0,0,3,0,3.3,3.3,0.8,4.1,9,15,46,0.41,0.16,0.57,0.41,0.57,0.27,0.06,0.33,0.27,0.33,Matches,Fulham
Neeskens Kebano,cd COD,FW,30,17,9,764,8.5,0,3,3,0,0,0,0,0,0.5,0.5,1.5,2.0,39,24,68,0.00,0.35,0.35,0.00,0.35,0.06,0.18,0.23,0.06,0.23,Matches,Fulham
Tom Cairney,sct SCO,MF,31,33,6,988,11.0,2,0,2,2,0,0,2,0,1.5,1.5,1.4,2.9,34,92,57,0.18,0.00,0.18,0.18,0.18,0.13,0.13,0.26,0.13,0.26,Matches,Fulham
Daniel James,wls WAL,FW,24,20,5,621,6.9,2,1,3,2,0,0,0,0,1.7,1.7,0.7,2.5,24,15,48,0.29,0.14,0.43,0.29,0.43,0.25,0.11,0.36,0.25,0.36,Matches,Fulham
Manor Solomon,il ISR,FW,23,19,4,572,6.4,4,0,4,4,0,0,0,0,1.2,1.2,0.4,1.6,16,24,51,0.63,0.00,0.63,0.63,0.63,0.19,0.06,0.26,0.19,0.26,Matches,Fulham
Saša Lukić,rs SRB,MF,25,12,4,412,4.6,0,0,0,0,0,0,1,0,0.1,0.1,0.0,0.1,8,13,5,0.00,0.00,0.00,0.00,0.00,0.03,0.00,0.03,0.03,0.03,Matches,Fulham
Cédric Soares,pt POR,DF,30,6,2,198,2.2,0,0,0,0,0,0,0,0,0.1,0.1,0.3,0.4,4,12,12,0.00,0.00,0.00,0.00,0.00,0.03,0.13,0.16,0.03,0.16,Matches,Fulham
Marc Guéhi,eng ENG,DF,22,37,37,"3,329",37.0,1,0,1,1,0,0,8,0,1.5,1.5,0.5,1.9,17,106,3,0.03,0.00,0.03,0.03,0.03,0.04,0.01,0.05,0.04,0.05,Matches,Crystal Palace
Tyrick Mitchell,eng ENG,DF,22,36,34,"2,891",32.1,0,2,2,0,0,0,5,1,0.6,0.6,1.2,1.8,23,106,90,0.00,0.06,0.06,0.00,0.06,0.02,0.04,0.05,0.02,0.05,Matches,Crystal Palace
Cheick Doucouré,ml MLI,MF,22,34,34,"2,769",30.8,0,3,3,0,0,0,10,1,1.4,1.4,1.9,3.4,18,140,17,0.00,0.10,0.10,0.00,0.10,0.05,0.06,0.11,0.05,0.11,Matches,Crystal Palace
Joachim Andersen,dk DEN,DF,26,32,32,"2,782",30.9,1,0,1,1,0,0,8,0,1.8,1.8,1.3,3.1,16,105,7,0.03,0.00,0.03,0.03,0.03,0.06,0.04,0.10,0.06,0.10,Matches,Crystal Palace
Michael Olise,fr FRA,"FW,MF",20,37,31,"2,749",30.5,2,11,13,2,0,0,2,0,2.9,2.9,8.7,11.6,111,133,243,0.07,0.36,0.43,0.07,0.43,0.09,0.29,0.38,0.09,0.38,Matches,Crystal Palace
Jordan Ayew,gh GHA,"FW,MF",30,38,31,"2,714",30.2,4,3,7,4,0,0,5,0,3.2,3.2,3.2,6.4,83,63,174,0.13,0.10,0.23,0.13,0.23,0.10,0.11,0.21,0.10,0.21,Matches,Crystal Palace
Eberechi Eze,eng ENG,"MF,FW",24,38,30,"2,636",29.3,10,4,14,9,1,1,3,0,7.3,6.5,4.3,10.8,69,131,129,0.34,0.14,0.48,0.31,0.44,0.25,0.15,0.39,0.22,0.37,Matches,Crystal Palace
Jeffrey Schlupp,gh GHA,"MF,FW",29,34,30,"2,531",28.1,3,1,4,3,0,0,7,0,3.2,3.2,1.4,4.6,32,98,67,0.11,0.04,0.14,0.11,0.14,0.11,0.05,0.17,0.11,0.17,Matches,Crystal Palace
Vicente Guaita,es ESP,GK,35,27,27,"2,430",27.0,0,0,0,0,0,0,1,0,0.0,0.0,0.0,0.0,0,1,0,0.00,0.00,0.00,0.00,0.00,0.00,0.00,0.00,0.00,0.00,Matches,Crystal Palace
Wilfried Zaha,ci CIV,"FW,MF",29,27,27,"2,288",25.4,7,2,9,7,0,2,5,0,6.5,4.8,2.7,7.5,86,75,238,0.28,0.08,0.35,0.28,0.35,0.26,0.11,0.36,0.19,0.30,Matches,Crystal Palace
Joel Ward,eng ENG,DF,32,28,24,"2,256",25.1,1,0,1,1,0,0,6,0,1.1,1.1,0.4,1.5,22,101,46,0.04,0.00,0.04,0.04,0.04,0.04,0.02,0.06,0.04,0.06,Matches,Crystal Palace
Odsonne Édouard,fr FRA,FW,24,35,20,"1,803",20.0,5,2,7,5,0,0,3,0,4.2,4.2,1.2,5.4,29,32,100,0.25,0.10,0.35,0.25,0.35,0.21,0.06,0.27,0.21,0.27,Matches,Crystal Palace
Nathaniel Clyne,eng ENG,DF,31,22,19,"1,640",18.2,0,0,0,0,0,0,3,0,0.0,0.0,0.7,0.7,14,52,29,0.00,0.00,0.00,0.00,0.00,0.00,0.04,0.04,0.00,0.04,Matches,Crystal Palace
Sam Johnstone,eng ENG,GK,29,9,9,810,9.0,0,0,0,0,0,0,1,0,0.0,0.0,0.0,0.0,0,0,0,0.00,0.00,0.00,0.00,0.00,0.00,0.00,0.00,0.00,0.00,Matches,Crystal Palace
Will Hughes,eng ENG,MF,27,27,7,842,9.4,1,1,2,1,0,0,4,0,0.3,0.3,0.9,1.2,14,32,23,0.11,0.11,0.21,0.11,0.21,0.04,0.10,0.13,0.04,0.13,Matches,Crystal Palace
Jean-Philippe Mateta,fr FRA,FW,25,29,6,770,8.6,2,0,2,2,0,0,3,0,3.4,3.4,0.6,4.0,9,6,43,0.23,0.00,0.23,0.23,0.23,0.39,0.07,0.47,0.39,0.47,Matches,Crystal Palace
Albert Sambi Lokonga,be BEL,MF,22,9,6,536,6.0,0,0,0,0,0,0,2,0,0.2,0.2,0.0,0.2,2,20,2,0.00,0.00,0.00,0.00,0.00,0.03,0.01,0.03,0.03,0.03,Matches,Crystal Palace
Luka Milivojević,rs SRB,MF,31,18,5,512,5.7,0,0,0,0,0,0,2,0,0.3,0.3,0.2,0.5,2,20,2,0.00,0.00,0.00,0.00,0.00,0.06,0.03,0.09,0.06,0.09,Matches,Crystal Palace
Chris Richards,us USA,DF,22,9,4,447,5.0,0,0,0,0,0,0,0,0,0.7,0.7,0.3,1.0,4,14,3,0.00,0.00,0.00,0.00,0.00,0.14,0.05,0.20,0.14,0.20,Matches,Crystal Palace
James Tomkins,eng ENG,DF,33,6,3,338,3.8,1,0,1,1,0,0,3,1,1.0,1.0,0.0,1.0,1,2,1,0.27,0.00,0.27,0.27,0.27,0.27,0.00,0.27,0.27,0.27,Matches,Crystal Palace
Kai Havertz,de GER,"FW,MF",23,35,30,"2,569",28.5,7,1,8,6,1,1,5,0,11.6,10.8,3.7,14.6,59,89,218,0.25,0.04,0.28,0.21,0.25,0.41,0.13,0.54,0.38,0.51,Matches,Chelsea
Kepa Arrizabalaga,es ESP,GK,27,29,29,"2,565",28.5,0,0,0,0,0,0,1,0,0.0,0.0,0.0,0.0,0,0,0,0.00,0.00,0.00,0.00,0.00,0.00,0.00,0.00,0.00,0.00,Matches,Chelsea
Thiago Silva,br BRA,DF,37,27,26,"2,352",26.1,0,2,2,0,0,0,2,0,1.5,1.5,0.5,2.0,8,104,2,0.00,0.08,0.08,0.00,0.08,0.06,0.02,0.08,0.06,0.08,Matches,Chelsea
Raheem Sterling,eng ENG,"FW,MF",27,28,23,"1,891",21.0,6,3,9,6,0,0,4,0,6.2,6.2,4.6,10.8,81,59,186,0.29,0.14,0.43,0.29,0.43,0.29,0.22,0.51,0.29,0.51,Matches,Chelsea
Marc Cucurella,es ESP,DF,24,24,21,"1,671",18.6,0,2,2,0,0,0,4,0,0.4,0.4,0.6,1.0,30,73,65,0.00,0.11,0.11,0.00,0.11,0.02,0.03,0.06,0.02,0.06,Matches,Chelsea
Kalidou Koulibaly,sn SEN,DF,31,23,20,"1,800",20.0,2,1,3,2,0,0,7,1,0.9,0.9,0.4,1.4,10,81,4,0.10,0.05,0.15,0.10,0.15,0.05,0.02,0.07,0.05,0.07,Matches,Chelsea
Mason Mount,eng ENG,"MF,FW",23,24,20,"1,648",18.3,3,2,5,3,0,0,4,0,2.0,2.0,3.0,5.0,48,98,114,0.16,0.11,0.27,0.16,0.27,0.11,0.16,0.27,0.11,0.27,Matches,Chelsea
Ruben Loftus-Cheek,eng ENG,"MF,DF",26,25,19,"1,536",17.1,0,1,1,0,0,0,1,0,0.8,0.8,1.5,2.4,56,90,86,0.00,0.06,0.06,0.00,0.06,0.05,0.09,0.14,0.05,0.14,Matches,Chelsea
Conor Gallagher,eng ENG,MF,22,35,18,"1,621",18.0,3,1,4,3,0,0,11,1,2.5,2.5,2.3,4.7,40,105,104,0.17,0.06,0.22,0.17,0.22,0.14,0.13,0.26,0.14,0.26,Matches,Chelsea
Trevoh Chalobah,eng ENG,DF,23,25,18,"1,608",17.9,0,0,0,0,0,0,4,0,0.9,0.9,0.3,1.2,17,71,27,0.00,0.00,0.00,0.00,0.00,0.05,0.02,0.06,0.05,0.06,Matches,Chelsea
Enzo Fernández,ar ARG,MF,21,18,18,"1,547",17.2,0,2,2,0,0,0,3,0,0.8,0.8,2.4,3.2,22,168,18,0.00,0.12,0.12,0.00,0.12,0.05,0.14,0.19,0.05,0.19,Matches,Chelsea
Mateo Kovačić,hr CRO,MF,28,27,17,"1,707",19.0,1,2,3,1,0,0,8,0,1.8,1.8,2.1,3.9,37,153,30,0.05,0.11,0.16,0.05,0.16,0.09,0.11,0.20,0.09,0.20,Matches,Chelsea
César Azpilicueta,es ESP,DF,32,25,16,"1,527",17.0,0,0,0,0,0,0,3,0,0.4,0.4,1.1,1.5,23,71,81,0.00,0.00,0.00,0.00,0.00,0.02,0.07,0.09,0.02,0.09,Matches,Chelsea
Ben Chilwell,eng ENG,"DF,MF",25,23,15,"1,408",15.6,2,2,4,2,0,0,3,0,1.4,1.4,2.2,3.7,43,41,131,0.13,0.13,0.26,0.13,0.26,0.09,0.14,0.23,0.09,0.23,Matches,Chelsea
Jorginho,it ITA,MF,30,18,15,"1,279",14.2,2,0,2,0,2,2,4,0,1.7,0.1,0.4,0.5,13,80,10,0.14,0.00,0.14,0.00,0.00,0.12,0.03,0.14,0.01,0.03,Matches,Chelsea
Reece James,eng ENG,"DF,MF",22,16,14,"1,244",13.8,1,1,2,1,0,0,4,0,1.0,1.0,3.0,4.0,52,90,115,0.07,0.07,0.14,0.07,0.14,0.07,0.22,0.29,0.07,0.29,Matches,Chelsea
Wesley Fofana,fr FRA,DF,21,15,12,"1,183",13.1,1,0,1,1,0,0,3,0,0.7,0.7,0.1,0.8,29,43,12,0.08,0.00,0.08,0.08,0.08,0.05,0.00,0.06,0.05,0.06,Matches,Chelsea
João Félix,pt POR,"FW,MF",22,16,11,941,10.5,4,0,4,4,0,0,1,1,4.9,4.9,0.5,5.4,34,47,79,0.38,0.00,0.38,0.38,0.38,0.47,0.05,0.52,0.47,0.52,Matches,Chelsea
Benoît Badiashile,fr FRA,DF,21,11,10,905,10.1,1,0,1,1,0,0,2,0,1.2,1.2,0.5,1.6,11,56,2,0.10,0.00,0.10,0.10,0.10,0.12,0.05,0.16,0.12,0.16,Matches,Chelsea
Edouard Mendy,sn SEN,GK,30,10,9,855,9.5,0,0,0,0,0,0,1,0,0.0,0.0,0.0,0.0,0,0,0,0.00,0.00,0.00,0.00,0.00,0.00,0.00,0.00,0.00,0.00,Matches,Chelsea
Max Kilman,eng ENG,DF,25,37,37,"3,307",36.7,0,0,0,0,0,0,3,0,1.3,1.3,0.2,1.6,30,127,5,0.00,0.00,0.00,0.00,0.00,0.04,0.01,0.04,0.04,0.04,Matches,Wolverhampton Wanderers
José Sá,pt POR,GK,29,36,36,"3,240",36.0,0,0,0,0,0,0,2,0,0.0,0.0,0.0,0.0,0,0,0,0.00,0.00,0.00,0.00,0.00,0.00,0.00,0.00,0.00,0.00,Matches,Wolverhampton Wanderers
Rúben Neves,pt POR,MF,25,35,33,"3,019",33.5,6,1,7,3,3,3,12,0,5.2,2.8,1.6,4.4,28,218,18,0.18,0.03,0.21,0.09,0.12,0.15,0.05,0.20,0.08,0.13,Matches,Wolverhampton Wanderers
Nélson Semedo,pt POR,DF,28,36,31,"2,632",29.2,0,1,1,0,0,0,11,1,0.4,0.4,0.7,1.2,50,110,147,0.00,0.03,0.03,0.00,0.03,0.01,0.03,0.04,0.01,0.04,Matches,Wolverhampton Wanderers
Matheus Nunes,pt POR,MF,23,34,30,"2,467",27.4,1,1,2,1,0,0,2,1,2.4,2.4,2.2,4.7,59,84,129,0.04,0.04,0.07,0.04,0.07,0.09,0.08,0.17,0.09,0.17,Matches,Wolverhampton Wanderers
João Moutinho,pt POR,MF,35,31,20,"1,780",19.8,0,2,2,0,0,0,3,0,1.3,1.3,2.6,3.9,23,132,32,0.00,0.10,0.10,0.00,0.10,0.07,0.13,0.20,0.07,0.20,Matches,Wolverhampton Wanderers
Daniel Podence,pt POR,"FW,MF",26,32,20,"1,771",19.7,6,0,6,6,0,0,5,0,3.9,3.9,2.5,6.4,43,95,148,0.30,0.00,0.30,0.30,0.30,0.20,0.13,0.33,0.20,0.33,Matches,Wolverhampton Wanderers
Nathan Collins,ie IRL,DF,21,26,19,"1,814",20.2,0,0,0,0,0,0,2,1,0.2,0.2,0.1,0.3,11,64,5,0.00,0.00,0.00,0.00,0.00,0.01,0.00,0.02,0.01,0.02,Matches,Wolverhampton Wanderers
Craig Dawson,eng ENG,DF,32,17,17,"1,414",15.7,1,0,1,1,0,0,4,0,1.0,1.0,0.0,1.0,5,44,1,0.06,0.00,0.06,0.06,0.06,0.06,0.00,0.06,0.06,0.06,Matches,Wolverhampton Wanderers
Mario Lemina,ga GAB,MF,28,19,17,"1,299",14.4,0,1,1,0,0,0,4,1,0.3,0.3,0.3,0.6,6,42,9,0.00,0.07,0.07,0.00,0.07,0.02,0.02,0.04,0.02,0.04,Matches,Wolverhampton Wanderers
Hugo Bueno,es ESP,DF,19,21,16,"1,310",14.6,0,1,1,0,0,0,1,0,0.2,0.2,1.3,1.5,52,39,64,0.00,0.07,0.07,0.00,0.07,0.01,0.09,0.10,0.01,0.10,Matches,Wolverhampton Wanderers
Diego Costa,es ESP,FW,33,23,16,"1,241",13.8,1,0,1,1,0,0,5,1,3.2,3.2,0.7,3.9,19,13,60,0.07,0.00,0.07,0.07,0.07,0.23,0.05,0.28,0.23,0.28,Matches,Wolverhampton Wanderers
Jonny Castro,es ESP,DF,28,18,14,"1,261",14.0,1,0,1,1,0,0,3,1,0.3,0.3,1.0,1.3,24,70,46,0.07,0.00,0.07,0.07,0.07,0.02,0.07,0.10,0.02,0.10,Matches,Wolverhampton Wanderers
Pedro Neto,pt POR,"FW,MF",22,18,13,964,10.7,0,0,0,0,0,0,1,0,1.1,1.1,2.1,3.2,37,24,111,0.00,0.00,0.00,0.00,0.00,0.10,0.20,0.30,0.10,0.30,Matches,Wolverhampton Wanderers
Adama Traoré,es ESP,"FW,MF",26,34,12,"1,496",16.6,2,1,3,2,0,0,2,0,1.4,1.4,3.7,5.1,85,36,156,0.12,0.06,0.18,0.12,0.18,0.08,0.23,0.31,0.08,0.31,Matches,Wolverhampton Wanderers
Hwang Hee-chan,kr KOR,"FW,MF",26,27,12,"1,130",12.6,3,1,4,3,0,0,1,0,2.9,2.9,1.1,4.0,25,30,60,0.24,0.08,0.32,0.24,0.32,0.23,0.09,0.32,0.23,0.32,Matches,Wolverhampton Wanderers
Matheus Cunha,br BRA,FW,23,17,12,965,10.7,2,0,2,2,0,0,1,0,2.0,2.0,0.6,2.6,16,14,43,0.19,0.00,0.19,0.19,0.19,0.19,0.05,0.24,0.19,0.24,Matches,Wolverhampton Wanderers
Toti Gomes,pt POR,DF,23,17,10,984,10.9,1,0,1,1,0,0,6,0,0.4,0.4,0.3,0.7,4,27,23,0.09,0.00,0.09,0.09,0.09,0.04,0.02,0.06,0.04,0.06,Matches,Wolverhampton Wanderers
Rayan Aït Nouri,dz ALG,DF,21,21,9,"1,076",12.0,1,0,1,1,0,0,4,0,0.7,0.7,1.0,1.7,30,43,76,0.08,0.00,0.08,0.08,0.08,0.06,0.08,0.14,0.06,0.14,Matches,Wolverhampton Wanderers
Pablo Sarabia,es ESP,"FW,MF",30,13,9,765,8.5,1,0,1,1,0,0,3,0,3.1,3.1,0.8,3.9,17,41,54,0.12,0.00,0.12,0.12,0.12,0.36,0.09,0.46,0.36,0.46,Matches,Wolverhampton Wanderers
Declan Rice,eng ENG,MF,23,37,36,"3,273",36.4,4,1,5,4,0,1,5,0,2.4,1.6,3.2,4.8,88,240,37,0.11,0.03,0.14,0.11,0.14,0.07,0.09,0.15,0.04,0.13,Matches,West Ham United
Jarrod Bowen,eng ENG,"FW,MF",25,38,36,"3,233",35.9,6,5,11,5,1,2,2,0,8.9,7.8,7.4,15.2,102,72,213,0.17,0.14,0.31,0.14,0.28,0.25,0.20,0.45,0.22,0.42,Matches,West Ham United
Łukasz Fabiański,pl POL,GK,37,36,36,"3,111",34.6,0,0,0,0,0,0,1,0,0.0,0.0,0.0,0.0,0,0,0,0.00,0.00,0.00,0.00,0.00,0.00,0.00,0.00,0.00,0.00,Matches,West Ham United
Tomáš Souček,cz CZE,MF,27,36,32,"2,815",31.3,2,3,5,2,0,0,3,0,4.0,4.0,1.9,6.0,11,88,52,0.06,0.10,0.16,0.06,0.16,0.13,0.06,0.19,0.13,0.19,Matches,West Ham United
Lucas Paquetá,br BRA,MF,24,28,27,"2,151",23.9,4,3,7,3,1,1,5,0,4.4,3.6,2.5,6.1,25,147,63,0.17,0.13,0.29,0.13,0.25,0.18,0.10,0.29,0.15,0.25,Matches,West Ham United
Thilo Kehrer,de GER,DF,25,27,25,"2,230",24.8,0,2,2,0,0,0,4,0,0.5,0.5,0.6,1.1,15,60,29,0.00,0.08,0.08,0.00,0.08,0.02,0.03,0.04,0.02,0.04,Matches,West Ham United
Aaron Cresswell,eng ENG,DF,32,28,24,"2,235",24.8,0,1,1,0,0,0,3,0,0.3,0.3,3.7,4.0,35,145,82,0.00,0.04,0.04,0.00,0.04,0.01,0.15,0.16,0.01,0.16,Matches,West Ham United
Vladimír Coufal,cz CZE,DF,29,27,24,"2,136",23.7,0,1,1,0,0,0,5,0,0.3,0.3,2.5,2.7,53,82,109,0.00,0.04,0.04,0.00,0.04,0.01,0.10,0.11,0.01,0.11,Matches,West Ham United
Kurt Zouma,fr FRA,DF,27,25,24,"1,989",22.1,2,0,2,2,0,0,0,0,2.2,2.2,0.1,2.3,3,31,1,0.09,0.00,0.09,0.09,0.09,0.10,0.00,0.10,0.10,0.10,Matches,West Ham United
Saïd Benrahma,dz ALG,"FW,MF",26,35,22,"2,069",23.0,6,3,9,2,4,4,0,0,7.0,3.9,4.5,8.4,109,82,237,0.26,0.13,0.39,0.09,0.22,0.31,0.20,0.50,0.17,0.36,Matches,West Ham United
Michail Antonio,jm JAM,FW,32,33,21,"1,829",20.3,5,3,8,5,0,0,2,0,6.6,6.6,1.3,7.8,49,27,120,0.25,0.15,0.39,0.25,0.39,0.32,0.06,0.38,0.32,0.38,Matches,West Ham United
Nayef Aguerd,ma MAR,DF,26,18,17,"1,595",17.7,2,0,2,2,0,0,4,0,2.2,2.2,0.5,2.7,2,25,4,0.11,0.00,0.11,0.11,0.11,0.13,0.03,0.15,0.13,0.15,Matches,West Ham United
Pablo Fornals,es ESP,"FW,MF",26,32,17,"1,503",16.7,3,1,4,3,0,0,0,0,2.2,2.2,1.7,3.9,33,89,101,0.18,0.06,0.24,0.18,0.24,0.13,0.10,0.24,0.13,0.24,Matches,West Ham United
Emerson Palmieri,it ITA,DF,27,22,16,"1,320",14.7,1,0,1,1,0,0,2,0,0.8,0.8,0.9,1.7,38,45,57,0.07,0.00,0.07,0.07,0.07,0.05,0.06,0.12,0.05,0.12,Matches,West Ham United
Angelo Ogbonna,it ITA,DF,34,16,13,"1,237",13.7,0,0,0,0,0,0,0,0,0.3,0.3,0.2,0.5,0,11,2,0.00,0.00,0.00,0.00,0.00,0.02,0.02,0.03,0.02,0.03,Matches,West Ham United
Gianluca Scamacca,it ITA,FW,23,16,11,926,10.3,3,0,3,3,0,0,3,0,2.5,2.5,0.7,3.1,13,17,48,0.29,0.00,0.29,0.29,0.29,0.24,0.07,0.31,0.24,0.31,Matches,West Ham United
Ben Johnson,eng ENG,DF,22,17,9,866,9.6,0,0,0,0,0,0,0,0,0.1,0.1,0.2,0.3,15,37,22,0.00,0.00,0.00,0.00,0.00,0.01,0.02,0.03,0.01,0.03,Matches,West Ham United
Craig Dawson,eng ENG,DF,32,8,8,720,8.0,0,0,0,0,0,0,2,0,0.5,0.5,0.1,0.6,0,18,1,0.00,0.00,0.00,0.00,0.00,0.06,0.01,0.07,0.06,0.07,Matches,West Ham United
Danny Ings,eng ENG,FW,30,17,7,775,8.6,2,2,4,2,0,0,1,0,3.0,3.0,1.0,4.0,9,12,44,0.23,0.23,0.46,0.23,0.46,0.35,0.12,0.47,0.35,0.47,Matches,West Ham United
Flynn Downes,eng ENG,MF,23,21,7,762,8.5,0,0,0,0,0,0,2,0,0.4,0.4,0.1,0.5,3,22,11,0.00,0.00,0.00,0.00,0.00,0.05,0.01,0.06,0.05,0.06,Matches,West Ham United
Jefferson Lerma,co COL,MF,27,37,37,"3,252",36.1,5,0,5,5,0,0,7,0,2.6,2.6,2.3,4.9,22,142,30,0.14,0.00,0.14,0.14,0.14,0.07,0.06,0.14,0.07,0.14,Matches,AFC Bournemouth
Adam Smith,eng ENG,DF,31,37,34,"2,943",32.7,0,1,1,0,0,0,11,0,0.5,0.5,1.3,1.8,28,83,54,0.00,0.03,0.03,0.00,0.03,0.02,0.04,0.05,0.02,0.05,Matches,AFC Bournemouth
Philip Billing,dk DEN,"MF,FW",26,36,34,"2,764",30.7,7,1,8,7,0,0,5,0,4.9,4.9,3.2,8.1,37,80,101,0.23,0.03,0.26,0.23,0.26,0.16,0.10,0.26,0.16,0.26,Matches,AFC Bournemouth
Dominic Solanke,eng ENG,"FW,MF",24,33,32,"2,860",31.8,6,7,13,6,0,0,2,0,9.1,9.1,3.9,13.0,70,47,167,0.19,0.22,0.41,0.19,0.41,0.29,0.12,0.41,0.29,0.41,Matches,AFC Bournemouth
Marcos Senesi,ar ARG,DF,25,31,29,"2,491",27.7,2,0,2,2,0,0,7,0,1.6,1.6,0.5,2.1,9,66,3,0.07,0.00,0.07,0.07,0.07,0.06,0.02,0.08,0.06,0.08,Matches,AFC Bournemouth
Neto,br BRA,GK,33,27,27,"2,385",26.5,0,0,0,0,0,0,4,0,0.0,0.0,0.0,0.0,0,0,0,0.00,0.00,0.00,0.00,0.00,0.00,0.00,0.00,0.00,0.00,Matches,AFC Bournemouth
Chris Mepham,wls WAL,DF,24,26,24,"2,199",24.4,0,0,0,0,0,0,7,0,0.7,0.7,0.2,0.9,2,42,1,0.00,0.00,0.00,0.00,0.00,0.03,0.01,0.04,0.03,0.04,Matches,AFC Bournemouth
Lloyd Kelly,eng ENG,DF,23,23,23,"2,040",22.7,0,2,2,0,0,0,3,0,0.2,0.2,0.5,0.7,14,47,10,0.00,0.09,0.09,0.00,0.09,0.01,0.02,0.03,0.01,0.03,Matches,AFC Bournemouth
Ryan Christie,sct SCO,"MF,FW",27,32,22,"1,834",20.4,1,1,2,1,0,0,2,0,2.8,2.8,2.4,5.1,39,71,71,0.05,0.05,0.10,0.05,0.10,0.14,0.12,0.25,0.14,0.25,Matches,AFC Bournemouth
Marcus Tavernier,eng ENG,"MF,FW",23,23,19,"1,743",19.4,5,4,9,5,0,0,1,0,3.1,3.1,2.9,6.0,67,56,137,0.26,0.21,0.46,0.26,0.46,0.16,0.15,0.31,0.16,0.31,Matches,AFC Bournemouth
Lewis Cook,eng ENG,MF,25,28,18,"1,720",19.1,0,2,2,0,0,0,4,0,0.2,0.2,2.5,2.8,9,63,10,0.00,0.10,0.10,0.00,0.10,0.01,0.13,0.14,0.01,0.14,Matches,AFC Bournemouth
Jordan Zemura,zw ZIM,DF,22,19,17,"1,454",16.2,0,1,1,0,0,0,1,0,0.4,0.4,1.9,2.2,39,45,48,0.00,0.06,0.06,0.00,0.06,0.02,0.11,0.14,0.02,0.14,Matches,AFC Bournemouth
Dango Ouattara,bf BFA,"MF,FW",20,19,15,"1,241",13.8,1,3,4,1,0,0,1,0,3.6,3.6,2.5,6.1,39,23,87,0.07,0.22,0.29,0.07,0.29,0.26,0.18,0.44,0.26,0.44,Matches,AFC Bournemouth
Jack Stephens,eng ENG,DF,28,15,13,"1,173",13.0,0,0,0,0,0,0,3,0,0.4,0.4,0.2,0.6,7,34,3,0.00,0.00,0.00,0.00,0.00,0.03,0.02,0.05,0.03,0.05,Matches,AFC Bournemouth
Kieffer Moore,wls WAL,FW,29,27,12,"1,279",14.2,4,0,4,4,0,0,1,0,4.4,4.4,0.3,4.7,10,23,56,0.28,0.00,0.28,0.28,0.28,0.31,0.02,0.33,0.31,0.33,Matches,AFC Bournemouth
Joe Rothwell,eng ENG,MF,27,20,12,"1,016",11.3,0,1,1,0,0,0,1,0,0.2,0.2,1.0,1.2,12,33,12,0.00,0.09,0.09,0.00,0.09,0.01,0.09,0.10,0.01,0.10,Matches,AFC Bournemouth
Jaidon Anthony,eng ENG,"MF,FW",22,30,11,"1,257",14.0,3,1,4,3,0,0,2,0,2.2,2.2,1.0,3.3,31,49,72,0.21,0.07,0.29,0.21,0.29,0.16,0.07,0.24,0.16,0.24,Matches,AFC Bournemouth
Mark Travers,ie IRL,GK,23,12,11,"1,035",11.5,0,0,0,0,0,0,0,0,0.0,0.0,0.0,0.0,0,0,0,0.00,0.00,0.00,0.00,0.00,0.00,0.00,0.00,0.00,0.00,Matches,AFC Bournemouth
Ryan Fredericks,eng ENG,DF,29,12,5,533,5.9,0,0,0,0,0,0,1,0,0.0,0.0,0.1,0.1,13,15,28,0.00,0.00,0.00,0.00,0.00,0.00,0.02,0.02,0.00,0.02,Matches,AFC Bournemouth
Matías Viña,uy URU,DF,24,12,5,458,5.1,2,0,2,2,0,0,1,0,0.9,0.9,0.2,1.0,10,17,19,0.39,0.00,0.39,0.39,0.39,0.17,0.03,0.20,0.17,0.20,Matches,AFC Bournemouth
Morgan Gibbs-White,eng ENG,"MF,FW",22,35,34,"2,971",33.0,5,8,13,3,2,2,5,0,6.0,4.4,8.2,12.7,69,131,157,0.15,0.24,0.39,0.09,0.33,0.18,0.25,0.43,0.13,0.38,Matches,Nottingham Forest
Brennan Johnson,wls WAL,"FW,MF",21,38,33,"2,934",32.6,8,3,11,7,1,3,6,0,8.6,6.2,3.2,9.4,88,30,155,0.25,0.09,0.34,0.21,0.31,0.26,0.10,0.36,0.19,0.29,Matches,Nottingham Forest
Renan Lodi,br BRA,DF,24,28,26,"2,214",24.6,0,1,1,0,0,0,7,0,1.0,1.0,1.2,2.1,24,31,70,0.00,0.04,0.04,0.00,0.04,0.04,0.05,0.09,0.04,0.09,Matches,Nottingham Forest
Remo Freuler,ch SUI,MF,30,28,24,"2,161",24.0,0,0,0,0,0,0,4,0,0.4,0.4,0.8,1.2,7,54,11,0.00,0.00,0.00,0.00,0.00,0.02,0.03,0.05,0.02,0.05,Matches,Nottingham Forest
Serge Aurier,ci CIV,DF,29,24,22,"1,943",21.6,1,0,1,1,0,0,2,0,0.8,0.8,1.0,1.8,37,71,50,0.05,0.00,0.05,0.05,0.05,0.04,0.05,0.08,0.04,0.08,Matches,Nottingham Forest
Joe Worrall,eng ENG,DF,25,30,21,"2,224",24.7,1,0,1,1,0,0,6,0,0.8,0.8,0.8,1.6,5,67,1,0.04,0.00,0.04,0.04,0.04,0.03,0.03,0.06,0.03,0.06,Matches,Nottingham Forest
Ryan Yates,eng ENG,MF,24,26,21,"1,837",20.4,0,2,2,0,0,0,5,0,2.3,2.3,1.2,3.4,11,43,27,0.00,0.10,0.10,0.00,0.10,0.11,0.06,0.17,0.11,0.17,Matches,Nottingham Forest
Neco Williams,wls WAL,DF,21,31,20,"1,882",20.9,1,0,1,1,0,0,7,0,1.3,1.3,1.4,2.7,51,33,67,0.05,0.00,0.05,0.05,0.05,0.06,0.07,0.13,0.06,0.13,Matches,Nottingham Forest
Orel Mangala,be BEL,MF,24,27,20,"1,550",17.2,1,1,2,1,0,0,3,0,0.6,0.6,0.4,0.9,14,43,8,0.06,0.06,0.12,0.06,0.12,0.03,0.02,0.06,0.03,0.06,Matches,Nottingham Forest
Scott McKenna,sct SCO,DF,25,20,19,"1,571",17.5,0,0,0,0,0,0,4,0,0.1,0.1,1.0,1.1,5,35,2,0.00,0.00,0.00,0.00,0.00,0.00,0.06,0.06,0.00,0.06,Matches,Nottingham Forest
Dean Henderson,eng ENG,GK,25,18,18,"1,620",18.0,0,0,0,0,0,0,2,0,0.0,0.0,0.0,0.0,0,0,0,0.00,0.00,0.00,0.00,0.00,0.00,0.00,0.00,0.00,0.00,Matches,Nottingham Forest
Keylor Navas,cr CRC,GK,35,17,17,"1,529",17.0,0,0,0,0,0,0,2,0,0.0,0.0,0.0,0.0,0,1,0,0.00,0.00,0.00,0.00,0.00,0.00,0.00,0.00,0.00,0.00,Matches,Nottingham Forest
Taiwo Awoniyi,ng NGA,FW,24,27,17,"1,404",15.6,10,1,11,10,0,0,2,0,6.6,6.6,1.1,7.7,18,12,55,0.64,0.06,0.71,0.64,0.71,0.42,0.07,0.49,0.42,0.49,Matches,Nottingham Forest
Felipe,br BRA,DF,33,16,15,"1,418",15.8,0,1,1,0,0,0,4,0,1.2,1.2,0.9,2.1,3,22,4,0.00,0.06,0.06,0.00,0.06,0.07,0.06,0.13,0.07,0.13,Matches,Nottingham Forest
Moussa Niakhate,sn SEN,DF,26,14,14,"1,163",12.9,0,0,0,0,0,0,1,0,0.6,0.6,0.1,0.7,2,15,3,0.00,0.00,0.00,0.00,0.00,0.05,0.01,0.06,0.05,0.06,Matches,Nottingham Forest
Danilo,br BRA,MF,21,13,12,976,10.8,3,2,5,3,0,0,1,0,1.5,1.5,0.7,2.3,13,34,22,0.28,0.18,0.46,0.28,0.46,0.14,0.07,0.21,0.14,0.21,Matches,Nottingham Forest
Jesse Lingard,eng ENG,"FW,MF",29,17,12,923,10.3,0,0,0,0,0,0,1,0,1.0,1.0,0.7,1.7,11,33,38,0.00,0.00,0.00,0.00,0.00,0.10,0.07,0.17,0.10,0.17,Matches,Nottingham Forest
Steve Cook,eng ENG,DF,31,12,11,957,10.6,0,0,0,0,0,0,4,0,0.1,0.1,0.6,0.7,1,19,0,0.00,0.00,0.00,0.00,0.00,0.01,0.05,0.07,0.01,0.07,Matches,Nottingham Forest
Cheikhou Kouyaté,sn SEN,MF,32,21,10,882,9.8,1,0,1,1,0,0,3,0,0.4,0.4,0.7,1.1,6,19,14,0.10,0.00,0.10,0.10,0.10,0.04,0.07,0.11,0.04,0.11,Matches,Nottingham Forest
Harry Toffolo,eng ENG,DF,26,19,9,940,10.4,0,0,0,0,0,0,2,0,0.3,0.3,0.8,1.0,8,29,43,0.00,0.00,0.00,0.00,0.00,0.03,0.07,0.10,0.03,0.10,Matches,Nottingham Forest
James Tarkowski,eng ENG,DF,29,38,38,"3,420",38.0,1,1,2,1,0,0,6,0,3.1,3.1,2.9,6.0,13,106,11,0.03,0.03,0.05,0.03,0.05,0.08,0.08,0.16,0.08,0.16,Matches,Everton
Alex Iwobi,ng NGA,"MF,FW",26,38,38,"3,378",37.5,2,7,9,2,0,0,2,0,2.5,2.5,6.1,8.5,90,194,145,0.05,0.19,0.24,0.05,0.24,0.07,0.16,0.23,0.07,0.23,Matches,Everton
Jordan Pickford,eng ENG,GK,28,37,37,"3,330",37.0,0,1,1,0,0,0,6,0,0.0,0.0,0.1,0.1,0,2,0,0.00,0.03,0.03,0.00,0.03,0.00,0.00,0.00,0.00,0.00,Matches,Everton
Idrissa Gana Gueye,sn SEN,MF,32,33,32,"2,577",28.6,0,1,1,0,0,0,7,0,0.7,0.7,1.1,1.8,27,98,19,0.00,0.03,0.03,0.00,0.03,0.03,0.04,0.06,0.03,0.06,Matches,Everton
Vitaliy Mykolenko,ua UKR,DF,23,34,30,"2,655",29.5,0,0,0,0,0,0,4,0,0.5,0.5,1.2,1.8,31,100,72,0.00,0.00,0.00,0.00,0.00,0.02,0.04,0.06,0.02,0.06,Matches,Everton
Amadou Onana,be BEL,MF,20,33,29,"2,488",27.6,1,2,3,1,0,0,9,0,3.0,3.0,2.6,5.6,27,79,49,0.04,0.07,0.11,0.04,0.11,0.11,0.09,0.20,0.11,0.20,Matches,Everton
Dwight McNeil,eng ENG,"FW,MF",22,36,28,"2,498",27.8,7,3,10,7,0,0,5,0,3.5,3.5,6.1,9.6,76,69,128,0.25,0.11,0.36,0.25,0.36,0.13,0.22,0.35,0.13,0.35,Matches,Everton
Demarai Gray,jm JAM,"FW,MF",26,33,27,"2,507",27.9,4,1,5,2,2,2,3,0,6.2,4.7,3.8,8.5,94,46,199,0.14,0.04,0.18,0.07,0.11,0.22,0.14,0.36,0.17,0.30,Matches,Everton
Conor Coady,eng ENG,DF,29,24,23,"2,096",23.3,1,1,2,1,0,0,2,0,0.8,0.8,0.3,1.2,4,43,1,0.04,0.04,0.09,0.04,0.09,0.04,0.01,0.05,0.04,0.05,Matches,Everton
Séamus Coleman,ie IRL,DF,33,23,20,"1,656",18.4,1,0,1,1,0,0,1,0,0.4,0.4,0.9,1.2,13,61,37,0.05,0.00,0.05,0.05,0.05,0.02,0.05,0.07,0.02,0.07,Matches,Everton
Abdoulaye Doucouré,ml MLI,MF,29,25,17,"1,533",17.0,5,2,7,5,0,0,6,1,2.4,2.4,2.2,4.6,23,38,66,0.29,0.12,0.41,0.29,0.41,0.14,0.13,0.27,0.14,0.27,Matches,Everton
Dominic Calvert-Lewin,eng ENG,FW,25,17,15,"1,165",12.9,2,1,3,1,1,1,3,0,5.8,5.0,0.8,5.9,18,15,56,0.15,0.08,0.23,0.08,0.15,0.45,0.06,0.51,0.39,0.45,Matches,Everton
Nathan Patterson,sct SCO,"DF,MF",20,19,14,"1,279",14.2,0,0,0,0,0,0,3,0,0.5,0.5,0.4,0.9,16,24,51,0.00,0.00,0.00,0.00,0.00,0.03,0.03,0.07,0.03,0.07,Matches,Everton
Anthony Gordon,eng ENG,FW,21,16,12,"1,095",12.2,3,0,3,3,0,0,6,0,3.3,3.3,0.6,3.9,28,19,67,0.25,0.00,0.25,0.25,0.25,0.27,0.05,0.32,0.27,0.32,Matches,Everton
Neal Maupay,fr FRA,FW,25,27,11,"1,118",12.4,1,0,1,1,0,0,4,0,4.8,4.8,0.6,5.4,8,11,61,0.08,0.00,0.08,0.08,0.08,0.39,0.05,0.43,0.39,0.43,Matches,Everton
Michael Keane,eng ENG,DF,29,12,10,985,10.9,1,2,3,1,0,0,0,0,1.3,1.3,0.7,2.1,2,31,4,0.09,0.18,0.27,0.09,0.27,0.12,0.07,0.19,0.12,0.19,Matches,Everton
Ben Godfrey,eng ENG,DF,24,13,10,802,8.9,0,1,1,0,0,0,2,0,1.2,1.2,0.2,1.4,9,19,7,0.00,0.11,0.11,0.00,0.11,0.14,0.02,0.16,0.14,0.16,Matches,Everton
James Garner,eng ENG,"MF,DF",21,16,7,804,8.9,0,1,1,0,0,0,3,0,0.8,0.8,0.5,1.3,8,33,18,0.00,0.11,0.11,0.00,0.11,0.09,0.06,0.14,0.09,0.14,Matches,Everton
Yerry Mina,co COL,DF,27,7,7,594,6.6,2,0,2,2,0,0,2,0,1.5,1.5,0.1,1.6,1,13,3,0.30,0.00,0.30,0.30,0.30,0.22,0.02,0.24,0.22,0.24,Matches,Everton
Mason Holgate,eng ENG,DF,25,8,5,507,5.6,0,0,0,0,0,0,3,1,1.0,1.0,0.4,1.4,4,14,5,0.00,0.00,0.00,0.00,0.00,0.18,0.07,0.25,0.18,0.25,Matches,Everton
Timothy Castagne,be BEL,DF,26,37,36,"3,254",36.2,2,3,5,2,0,0,3,0,2.2,2.2,2.6,4.8,39,106,149,0.06,0.08,0.14,0.06,0.14,0.06,0.07,0.13,0.06,0.13,Matches,Leicester City
Harvey Barnes,eng ENG,"FW,MF",24,34,32,"2,711",30.1,13,1,14,13,0,0,3,0,8.9,8.9,3.1,12.0,100,79,257,0.43,0.03,0.46,0.43,0.46,0.30,0.10,0.40,0.30,0.40,Matches,Leicester City
Wout Faes,be BEL,DF,24,31,31,"2,786",31.0,1,2,3,1,0,0,6,1,1.2,1.2,0.6,1.9,11,74,2,0.03,0.06,0.10,0.03,0.10,0.04,0.02,0.06,0.04,0.06,Matches,Leicester City
James Maddison,eng ENG,"MF,FW",25,30,28,"2,480",27.6,10,9,19,9,1,2,10,0,8.7,6.6,9.3,16.0,77,151,155,0.36,0.33,0.69,0.33,0.65,0.31,0.34,0.65,0.24,0.58,Matches,Leicester City
Kiernan Dewsbury-Hall,eng ENG,MF,23,31,28,"2,306",25.6,2,2,4,2,0,0,5,1,2.4,2.4,3.3,5.6,68,132,91,0.08,0.08,0.16,0.08,0.16,0.09,0.13,0.22,0.09,0.22,Matches,Leicester City
Youri Tielemans,be BEL,MF,25,31,27,"2,344",26.0,3,2,5,2,1,2,4,0,2.5,0.9,4.7,5.6,35,181,56,0.12,0.08,0.19,0.08,0.15,0.10,0.18,0.28,0.04,0.21,Matches,Leicester City
Danny Ward,wls WAL,GK,29,26,26,"2,340",26.0,0,0,0,0,0,0,0,0,0.0,0.0,0.0,0.0,0,0,0,0.00,0.00,0.00,0.00,0.00,0.00,0.00,0.00,0.00,0.00,Matches,Leicester City
Boubakary Soumaré,fr FRA,MF,23,26,20,"1,629",18.1,0,0,0,0,0,0,9,0,0.0,0.0,0.4,0.4,17,73,20,0.00,0.00,0.00,0.00,0.00,0.00,0.02,0.02,0.00,0.02,Matches,Leicester City
Jamie Vardy,eng ENG,FW,35,37,19,"1,857",20.6,3,4,7,3,0,1,1,0,6.7,5.9,1.4,7.3,16,14,101,0.15,0.19,0.34,0.15,0.34,0.33,0.07,0.39,0.29,0.35,Matches,Leicester City
Wilfred Ndidi,ng NGA,MF,25,27,19,"1,679",18.7,0,0,0,0,0,0,4,0,0.2,0.2,0.1,0.3,11,51,7,0.00,0.00,0.00,0.00,0.00,0.01,0.00,0.01,0.01,0.01,Matches,Leicester City
Daniel Amartey,gh GHA,DF,27,20,18,"1,610",17.9,0,0,0,0,0,0,1,0,1.1,1.1,0.5,1.6,23,66,5,0.00,0.00,0.00,0.00,0.00,0.06,0.03,0.09,0.06,0.09,Matches,Leicester City
James Justin,eng ENG,DF,24,14,14,"1,252",13.9,0,0,0,0,0,0,0,0,0.3,0.3,0.3,0.6,20,47,50,0.00,0.00,0.00,0.00,0.00,0.02,0.02,0.05,0.02,0.05,Matches,Leicester City
Patson Daka,zm ZAM,FW,23,30,13,"1,187",13.2,4,4,8,4,0,0,2,0,3.5,3.5,2.8,6.3,18,17,82,0.30,0.30,0.61,0.30,0.61,0.27,0.21,0.48,0.27,0.48,Matches,Leicester City
Daniel Iversen,dk DEN,GK,25,12,12,"1,080",12.0,0,0,0,0,0,0,0,0,0.0,0.0,0.0,0.0,0,0,0,0.00,0.00,0.00,0.00,0.00,0.00,0.00,0.00,0.00,0.00,Matches,Leicester City
Jonny Evans,nir NIR,DF,34,13,12,"1,051",11.7,0,0,0,0,0,0,1,0,0.2,0.2,0.0,0.2,6,35,0,0.00,0.00,0.00,0.00,0.00,0.01,0.00,0.01,0.01,0.01,Matches,Leicester City
Kelechi Iheanacho,ng NGA,"FW,MF",25,28,11,"1,127",12.5,5,5,10,4,1,1,0,0,7.1,6.3,4.0,10.4,33,27,99,0.40,0.40,0.80,0.32,0.72,0.57,0.32,0.89,0.51,0.83,Matches,Leicester City
Luke Thomas,eng ENG,DF,21,17,11,"1,073",11.9,0,0,0,0,0,0,3,0,0.1,0.1,0.7,0.8,10,48,13,0.00,0.00,0.00,0.00,0.00,0.01,0.06,0.07,0.01,0.07,Matches,Leicester City
Harry Souttar,au AUS,DF,23,12,11,992,11.0,0,1,1,0,0,0,2,0,1.4,1.4,0.2,1.6,6,29,4,0.00,0.09,0.09,0.00,0.09,0.13,0.02,0.15,0.13,0.15,Matches,Leicester City
Victor Bernth Kristiansen,dk DEN,DF,19,12,11,892,9.9,0,1,1,0,0,0,2,0,0.1,0.1,0.8,0.9,17,31,24,0.00,0.10,0.10,0.00,0.10,0.01,0.08,0.10,0.01,0.10,Matches,Leicester City
Tetê,br BRA,FW,22,13,9,734,8.2,1,0,1,1,0,0,0,0,1.8,1.8,0.4,2.2,22,26,55,0.12,0.00,0.12,0.12,0.12,0.22,0.05,0.27,0.22,0.27,Matches,Leicester City
Robin Koch,de GER,DF,26,36,36,"3,175",35.3,0,0,0,0,0,0,7,0,1.5,1.5,0.4,1.9,11,114,11,0.00,0.00,0.00,0.00,0.00,0.04,0.01,0.06,0.04,0.06,Matches,Leeds United
Illan Meslier,fr FRA,GK,22,34,34,"3,060",34.0,0,0,0,0,0,0,3,0,0.1,0.1,0.0,0.1,0,0,0,0.00,0.00,0.00,0.00,0.00,0.00,0.00,0.00,0.00,0.00,Matches,Leeds United
Jack Harrison,eng ENG,"FW,MF",25,36,34,"2,708",30.1,5,7,12,5,0,0,2,0,4.7,4.7,5.1,9.8,103,103,255,0.17,0.23,0.40,0.17,0.40,0.16,0.17,0.33,0.16,0.33,Matches,Leeds United
Marc Roca,es ESP,MF,25,32,29,"2,315",25.7,1,2,3,1,0,0,7,0,2.1,2.1,2.9,5.0,25,172,28,0.04,0.08,0.12,0.04,0.12,0.08,0.11,0.19,0.08,0.19,Matches,Leeds United
Brenden Aaronson,us USA,"MF,FW",21,36,28,"2,372",26.4,1,3,4,1,0,0,2,0,3.9,3.9,4.2,8.1,43,86,151,0.04,0.11,0.15,0.04,0.15,0.15,0.16,0.31,0.15,0.31,Matches,Leeds United
Pascal Struijk,nl NED,DF,22,29,26,"2,200",24.4,2,1,3,2,0,0,5,0,1.4,1.4,2.4,3.7,24,119,53,0.08,0.04,0.12,0.08,0.12,0.06,0.10,0.15,0.06,0.15,Matches,Leeds United
Tyler Adams,us USA,MF,23,24,24,"2,156",24.0,0,0,0,0,0,0,6,1,0.1,0.1,1.4,1.5,19,136,20,0.00,0.00,0.00,0.00,0.00,0.00,0.06,0.06,0.00,0.06,Matches,Leeds United
Rodrigo,es ESP,"FW,MF",31,31,23,"1,935",21.5,13,1,14,12,1,1,6,0,8.1,7.3,1.8,9.1,40,44,143,0.60,0.05,0.65,0.56,0.60,0.38,0.08,0.46,0.34,0.42,Matches,Leeds United
Luke Ayling,eng ENG,DF,30,29,22,"2,054",22.8,2,1,3,2,0,0,3,0,3.2,3.2,2.0,5.2,28,77,100,0.09,0.04,0.13,0.09,0.13,0.14,0.09,0.23,0.14,0.23,Matches,Leeds United
Rasmus Nissen,dk DEN,DF,25,26,21,"1,960",21.8,3,1,4,3,0,0,4,0,0.8,0.8,1.0,1.9,15,89,70,0.14,0.05,0.18,0.14,0.18,0.04,0.05,0.09,0.04,0.09,Matches,Leeds United
Patrick Bamford,eng ENG,FW,28,28,18,"1,515",16.8,4,2,6,4,0,2,3,0,8.6,7.0,1.0,8.0,17,23,96,0.24,0.12,0.36,0.24,0.36,0.51,0.06,0.57,0.42,0.47,Matches,Leeds United
Weston McKennie,us USA,MF,23,19,16,"1,437",16.0,0,1,1,0,0,0,7,0,0.8,0.8,0.7,1.4,14,82,33,0.00,0.06,0.06,0.00,0.06,0.05,0.04,0.09,0.05,0.09,Matches,Leeds United
Liam Cooper,sct SCO,DF,30,18,16,"1,426",15.8,1,0,1,1,0,0,5,0,1.0,1.0,0.7,1.7,3,47,2,0.06,0.00,0.06,0.06,0.06,0.06,0.05,0.11,0.06,0.11,Matches,Leeds United
Junior Firpo,es ESP,DF,25,19,14,"1,368",15.2,1,1,2,1,0,0,6,1,0.1,0.1,0.8,0.9,20,54,34,0.07,0.07,0.13,0.07,0.13,0.01,0.05,0.06,0.01,0.06,Matches,Leeds United
Degnand Gnonto,it ITA,"FW,MF",18,24,14,"1,354",15.0,2,4,6,2,0,0,7,0,1.8,1.8,2.2,4.0,66,35,136,0.13,0.27,0.40,0.13,0.40,0.12,0.15,0.27,0.12,0.27,Matches,Leeds United
Maximilian Wöber,at AUT,DF,24,16,14,"1,266",14.1,0,0,0,0,0,0,3,0,0.7,0.7,0.6,1.4,15,54,15,0.00,0.00,0.00,0.00,0.00,0.05,0.05,0.10,0.05,0.10,Matches,Leeds United
Luis Sinisterra,co COL,FW,23,19,13,867,9.6,5,0,5,5,0,0,3,1,3.7,3.7,0.4,4.2,30,39,84,0.52,0.00,0.52,0.52,0.52,0.39,0.04,0.43,0.39,0.43,Matches,Leeds United
Crysencio Summerville,nl NED,FW,20,28,12,"1,426",15.8,4,2,6,4,0,0,4,0,2.9,2.9,1.6,4.5,51,45,92,0.25,0.13,0.38,0.25,0.38,0.18,0.10,0.28,0.18,0.28,Matches,Leeds United
Diego Llorente,es ESP,DF,28,8,7,649,7.2,0,0,0,0,0,0,1,0,0.7,0.7,0.0,0.7,2,27,1,0.00,0.00,0.00,0.00,0.00,0.10,0.00,0.10,0.10,0.10,Matches,Leeds United
Adam Forshaw,eng ENG,MF,30,12,5,479,5.3,0,0,0,0,0,0,0,0,0.0,0.0,0.9,0.9,4,33,7,0.00,0.00,0.00,0.00,0.00,0.01,0.17,0.18,0.01,0.18,Matches,Leeds United
James Ward-Prowse,eng ENG,MF,27,38,38,"3,371",37.5,9,4,13,7,2,4,6,0,5.7,2.5,6.2,8.7,19,189,58,0.24,0.11,0.35,0.19,0.29,0.15,0.17,0.32,0.07,0.23,Matches,Southampton
Gavin Bazunu,ie IRL,GK,20,32,32,"2,880",32.0,0,0,0,0,0,0,0,0,0.0,0.0,0.1,0.1,0,1,0,0.00,0.00,0.00,0.00,0.00,0.00,0.00,0.00,0.00,0.00,Matches,Southampton
Kyle Walker-Peters,eng ENG,DF,25,31,30,"2,650",29.4,1,0,1,1,0,0,4,0,1.0,1.0,1.4,2.5,102,97,114,0.03,0.00,0.03,0.03,0.03,0.03,0.05,0.08,0.03,0.08,Matches,Southampton
Mohamed Elyounoussi,no NOR,"MF,FW",27,33,27,"2,168",24.1,1,1,2,1,0,0,4,0,3.5,3.5,2.1,5.6,56,50,98,0.04,0.04,0.08,0.04,0.08,0.15,0.09,0.23,0.15,0.23,Matches,Southampton
Roméo Lavia,be BEL,MF,18,29,26,"2,221",24.7,1,0,1,1,0,0,9,0,0.4,0.4,0.6,1.0,22,102,14,0.04,0.00,0.04,0.04,0.04,0.02,0.03,0.04,0.02,0.04,Matches,Southampton
Armel Bella Kotchap,de GER,DF,20,24,24,"1,879",20.9,0,2,2,0,0,0,4,0,1.0,1.0,1.0,2.1,9,39,2,0.00,0.10,0.10,0.00,0.10,0.05,0.05,0.10,0.05,0.10,Matches,Southampton
Che Adams,sct SCO,FW,26,28,23,"1,992",22.1,5,3,8,5,0,0,1,0,6.6,6.6,2.8,9.4,17,34,115,0.23,0.14,0.36,0.23,0.36,0.30,0.13,0.42,0.30,0.42,Matches,Southampton
Romain Perraud,fr FRA,DF,24,29,22,"1,835",20.4,2,2,4,2,0,0,4,0,1.3,1.3,1.9,3.2,33,62,122,0.10,0.10,0.20,0.10,0.20,0.06,0.09,0.16,0.06,0.16,Matches,Southampton
Mohammed Salisu,gh GHA,DF,23,22,21,"1,973",21.9,0,1,1,0,0,0,5,0,1.5,1.5,0.6,2.1,5,82,4,0.00,0.05,0.05,0.00,0.05,0.07,0.03,0.10,0.07,0.10,Matches,Southampton
Jan Bednarek,pl POL,DF,26,20,20,"1,672",18.6,0,0,0,0,0,0,5,0,0.4,0.4,0.1,0.5,8,45,2,0.00,0.00,0.00,0.00,0.00,0.02,0.01,0.03,0.02,0.03,Matches,Southampton
Stuart Armstrong,sct SCO,"MF,FW",30,32,14,"1,408",15.6,2,1,3,2,0,0,6,0,2.4,2.4,2.2,4.7,61,75,88,0.13,0.06,0.19,0.13,0.19,0.15,0.14,0.30,0.15,0.30,Matches,Southampton
Adam Armstrong,eng ENG,"FW,MF",25,30,14,"1,335",14.8,2,1,3,2,0,0,2,0,2.1,2.1,1.3,3.3,39,16,70,0.13,0.07,0.20,0.13,0.20,0.14,0.09,0.23,0.14,0.23,Matches,Southampton
Ainsley Maitland-Niles,eng ENG,"DF,MF",24,22,13,"1,407",15.6,0,0,0,0,0,0,3,0,0.0,0.0,0.7,0.7,15,57,35,0.00,0.00,0.00,0.00,0.00,0.00,0.05,0.05,0.00,0.05,Matches,Southampton
Joe Aribo,ng NGA,"MF,FW",26,21,13,"1,224",13.6,2,0,2,2,0,0,2,0,1.5,1.5,0.8,2.3,19,39,64,0.15,0.00,0.15,0.15,0.15,0.11,0.06,0.17,0.11,0.17,Matches,Southampton
Theo Walcott,eng ENG,"FW,MF",33,20,13,"1,129",12.5,2,2,4,2,0,0,1,0,2.2,2.2,2.0,4.2,21,14,62,0.16,0.16,0.32,0.16,0.32,0.18,0.16,0.33,0.18,0.33,Matches,Southampton
Carlos Alcaraz,ar ARG,"MF,FW",19,18,13,"1,029",11.4,4,2,6,4,0,0,3,0,1.9,1.9,0.7,2.6,20,28,32,0.35,0.17,0.52,0.35,0.52,0.17,0.06,0.23,0.17,0.23,Matches,Southampton
Lyanco,br BRA,DF,25,21,11,"1,180",13.1,1,1,2,1,0,0,4,0,0.6,0.6,0.5,1.0,13,35,4,0.08,0.08,0.15,0.08,0.15,0.04,0.04,0.08,0.04,0.08,Matches,Southampton
Ibrahima Diallo,fr FRA,MF,23,18,11,819,9.1,0,0,0,0,0,0,4,0,0.2,0.2,0.1,0.3,9,28,6,0.00,0.00,0.00,0.00,0.00,0.02,0.01,0.04,0.02,0.04,Matches,Southampton
Kamaldeen Sulemana,gh GHA,"FW,MF",20,18,10,966,10.7,2,1,3,2,0,0,1,0,1.7,1.7,1.3,3.0,32,36,80,0.19,0.09,0.28,0.19,0.28,0.16,0.12,0.28,0.16,0.28,Matches,Southampton
Duje Ćaleta-Car,hr CRO,DF,25,13,9,946,10.5,1,0,1,1,0,0,2,0,0.8,0.8,0.0,0.8,5,33,0,0.10,0.00,0.10,0.10,0.10,0.08,0.00,0.08,0.08,0.08,Matches,Southampton
